Sample,plant.ID,gene_target,Target,Cq,vigs_condition,aphid_status,leaf,dpi
I.Unif.9.2nd,Unif 9,none,UBQ7,21.84817528,uninfiltrated,infested,2nd,fourteen
I.Unif.9.2nd,Unif 9,none,UBQ14,26.1472127,uninfiltrated,infested,2nd,fourteen
I.Unif.9.2nd,Unif 9,none,TMN5,30.02268903,uninfiltrated,infested,2nd,fourteen
I.Unif.9.2nd,Unif 9,none,PP2A1,26.47929819,uninfiltrated,infested,2nd,fourteen
I.Unif.9.2nd,Unif 9,none,HYD1,27.14059543,uninfiltrated,infested,2nd,fourteen
I.Unif.9.2nd,Unif 9,none,ACT7,20.50283714,uninfiltrated,infested,2nd,fourteen
I.Unif.9.4th,Unif 9,none,UBQ7,27.36876478,uninfiltrated,infested,4th,fourteen
I.Unif.9.4th,Unif 9,none,UBQ14,22.39633281,uninfiltrated,infested,4th,fourteen
I.Unif.9.4th,Unif 9,none,TMN5,30.07462236,uninfiltrated,infested,4th,fourteen
I.Unif.9.4th,Unif 9,none,TBL6,31.70612905,uninfiltrated,infested,4th,fourteen
I.Unif.9.4th,Unif 9,none,PP2A1,27.69024882,uninfiltrated,infested,4th,fourteen
I.Unif.9.4th,Unif 9,none,HYD1,26.88745543,uninfiltrated,infested,4th,fourteen
I.Unif.9.4th,Unif 9,none,ACT7,21.33352932,uninfiltrated,infested,4th,fourteen
I.Unif.6.2nd,Unif 6,none,UBQ7,26.30488154,uninfiltrated,infested,2nd,twenty-one
I.Unif.6.2nd,Unif 6,none,UBQ14,21.82574263,uninfiltrated,infested,2nd,twenty-one
I.Unif.6.2nd,Unif 6,none,TMN5,29.89207119,uninfiltrated,infested,2nd,twenty-one
I.Unif.6.2nd,Unif 6,none,TBL6,28.79278922,uninfiltrated,infested,2nd,twenty-one
I.Unif.6.2nd,Unif 6,none,PP2A1,26.54509941,uninfiltrated,infested,2nd,twenty-one
I.Unif.6.2nd,Unif 6,none,HYD1,26.5447408,uninfiltrated,infested,2nd,twenty-one
I.Unif.6.2nd,Unif 6,none,ACT7,20.58800198,uninfiltrated,infested,2nd,twenty-one
I.Unif.5.2nd,Unif 5,none,UBQ7,24.39660807,uninfiltrated,infested,2nd,fourteen
I.Unif.5.2nd,Unif 5,none,UBQ14,28.242921,uninfiltrated,infested,2nd,fourteen
I.Unif.5.2nd,Unif 5,none,TMN5,30.8474808,uninfiltrated,infested,2nd,fourteen
I.Unif.5.2nd,Unif 5,none,TBL6,31.80160903,uninfiltrated,infested,2nd,fourteen
I.Unif.5.2nd,Unif 5,none,PP2A1,28.16547843,uninfiltrated,infested,2nd,fourteen
I.Unif.5.2nd,Unif 5,none,HYD1,28.56382988,uninfiltrated,infested,2nd,fourteen
I.Unif.5.2nd,Unif 5,none,ACT7,22.54765632,uninfiltrated,infested,2nd,fourteen
Unif.21.2nd,Unif 21,none,UBQ7,21.45687708,uninfiltrated,infested,2nd,fourteen
Unif.21.2nd,Unif 21,none,UBQ14,26.24098362,uninfiltrated,infested,2nd,fourteen
Unif.21.2nd,Unif 21,none,TMN5,28.96287627,uninfiltrated,infested,2nd,fourteen
Unif.21.2nd,Unif 21,none,PP2A1,27.03365336,uninfiltrated,infested,2nd,fourteen
Unif.21.2nd,Unif 21,none,HYD1,27.24691539,uninfiltrated,infested,2nd,fourteen
Unif.21.2nd,Unif 21,none,ACT7,21.00451792,uninfiltrated,infested,2nd,fourteen
I.Unif.21.4th,Unif 21,none,UBQ7,30.92317404,uninfiltrated,infested,4th,fourteen
I.Unif.21.4th,Unif 21,none,UBQ14,25.87790203,uninfiltrated,infested,4th,fourteen
I.Unif.21.4th,Unif 21,none,TMN5,32.68622802,uninfiltrated,infested,4th,fourteen
I.Unif.21.4th,Unif 21,none,TBL6,34.54258595,uninfiltrated,infested,4th,fourteen
I.Unif.21.4th,Unif 21,none,PP2A1,30.62996717,uninfiltrated,infested,4th,fourteen
I.Unif.21.4th,Unif 21,none,HYD1,30.62031182,uninfiltrated,infested,4th,fourteen
I.Unif.21.4th,Unif 21,none,ACT7,23.27726865,uninfiltrated,infested,4th,fourteen
I.Unif.2.4th,Unif 2,none,UBQ7,21.41466423,uninfiltrated,infested,4th,twenty-one
I.Unif.2.4th,Unif 2,none,UBQ14,27.15052442,uninfiltrated,infested,4th,twenty-one
I.Unif.2.4th,Unif 2,none,TMN5,29.75018993,uninfiltrated,infested,4th,twenty-one
I.Unif.2.4th,Unif 2,none,TBL6,29.99500019,uninfiltrated,infested,4th,twenty-one
I.Unif.2.4th,Unif 2,none,PP2A1,27.03377622,uninfiltrated,infested,4th,twenty-one
I.Unif.2.4th,Unif 2,none,HYD1,27.14798387,uninfiltrated,infested,4th,twenty-one
I.Unif.2.4th,Unif 2,none,ACT7,20.98599027,uninfiltrated,infested,4th,twenty-one
I.Unif.2.2nd,Unif 2,none,UBQ14,27.51123576,uninfiltrated,infested,2nd,fourteen
I.Unif.2.2nd,Unif 2,none,TMN5,30.59135712,uninfiltrated,infested,2nd,fourteen
I.Unif.2.2nd,Unif 2,none,TBL6,29.51025239,uninfiltrated,infested,2nd,fourteen
I.Unif.2.2nd,Unif 2,none,PP2A1,27.14289198,uninfiltrated,infested,2nd,fourteen
I.Unif.2.2nd,Unif 2,none,HYD1,28.56958314,uninfiltrated,infested,2nd,fourteen
I.Unif.2.2nd,Unif 2,none,ACT7,22.03049652,uninfiltrated,infested,2nd,fourteen
I.Unif.18.2nd,Unif 18,none,UBQ7,25.90370931,uninfiltrated,infested,2nd,twenty-one
I.Unif.18.2nd,Unif 18,none,UBQ14,21.72262853,uninfiltrated,infested,2nd,twenty-one
I.Unif.18.2nd,Unif 18,none,TMN5,29.38849679,uninfiltrated,infested,2nd,twenty-one
I.Unif.18.2nd,Unif 18,none,TBL6,28.69217345,uninfiltrated,infested,2nd,twenty-one
I.Unif.18.2nd,Unif 18,none,PP2A1,26.81159226,uninfiltrated,infested,2nd,twenty-one
I.Unif.18.2nd,Unif 18,none,HYD1,26.66767683,uninfiltrated,infested,2nd,twenty-one
I.Unif.18.2nd,Unif 18,none,ACT7,20.45330671,uninfiltrated,infested,2nd,twenty-one
I.Unif.18.4th,Unif 18,none,UBQ7,21.91652615,uninfiltrated,infested,4th,twenty-one
I.Unif.18.4th,Unif 18,none,UBQ14,27.48009108,uninfiltrated,infested,4th,twenty-one
I.Unif.18.4th,Unif 18,none,TMN5,31.46860314,uninfiltrated,infested,4th,twenty-one
I.Unif.18.4th,Unif 18,none,TBL6,30.41533536,uninfiltrated,infested,4th,twenty-one
I.Unif.18.4th,Unif 18,none,PP2A1,28.2003941,uninfiltrated,infested,4th,twenty-one
I.Unif.18.4th,Unif 18,none,HYD1,29.07522059,uninfiltrated,infested,4th,twenty-one
I.Unif.18.4th,Unif 18,none,ACT7,22.53402362,uninfiltrated,infested,4th,twenty-one
I.Unif.17.2nd,Unif 17,none,UBQ7,21.91712916,uninfiltrated,infested,2nd,fourteen
I.Unif.17.2nd,Unif 17,none,UBQ14,27.53135875,uninfiltrated,infested,2nd,fourteen
I.Unif.17.2nd,Unif 17,none,TMN5,30.8179296,uninfiltrated,infested,2nd,fourteen
I.Unif.17.2nd,Unif 17,none,TBL6,31.03942123,uninfiltrated,infested,2nd,fourteen
I.Unif.17.2nd,Unif 17,none,PP2A1,27.28347183,uninfiltrated,infested,2nd,fourteen
I.Unif.17.2nd,Unif 17,none,HYD1,27.44772715,uninfiltrated,infested,2nd,fourteen
I.Unif.17.2nd,Unif 17,none,ACT7,21.20383362,uninfiltrated,infested,2nd,fourteen
I.Unif.17.4th,Unif 17,none,TMN5,29.10428074,uninfiltrated,infested,4th,fourteen
I.Unif.17.4th,Unif 17,none,PP2A1,26.14534494,uninfiltrated,infested,4th,fourteen
I.Unif.17.4th,Unif 17,none,ACT7,20.53876327,uninfiltrated,infested,4th,fourteen
I.Unif.13.2nd,Unif 13,none,UBQ7,27.68948211,uninfiltrated,infested,2nd,fourteen
I.Unif.13.2nd,Unif 13,none,UBQ14,23.32742488,uninfiltrated,infested,2nd,fourteen
I.Unif.13.2nd,Unif 13,none,TMN5,31.04141096,uninfiltrated,infested,2nd,fourteen
I.Unif.13.2nd,Unif 13,none,TBL6,31.2716762,uninfiltrated,infested,2nd,fourteen
I.Unif.13.2nd,Unif 13,none,PP2A1,28.18891356,uninfiltrated,infested,2nd,fourteen
I.Unif.13.2nd,Unif 13,none,HYD1,27.49244466,uninfiltrated,infested,2nd,fourteen
I.Unif.13.2nd,Unif 13,none,ACT7,22.27360775,uninfiltrated,infested,2nd,fourteen
I.Unif.1.2nd,Unif 1,none,UBQ7,28.45790684,uninfiltrated,infested,2nd,fourteen
I.Unif.1.2nd,Unif 1,none,UBQ14,29.15870723,uninfiltrated,infested,2nd,fourteen
I.Unif.1.2nd,Unif 1,none,TMN5,32.94733408,uninfiltrated,infested,2nd,fourteen
I.Unif.1.2nd,Unif 1,none,PP2A1,30.61016931,uninfiltrated,infested,2nd,fourteen
I.Unif.1.2nd,Unif 1,none,HYD1,29.20945542,uninfiltrated,infested,2nd,fourteen
I.Unif.1.2nd,Unif 1,none,ACT7,22.88031614,uninfiltrated,infested,2nd,fourteen
I.Unif.1.4th,Unif 1,none,UBQ7,21.05491949,uninfiltrated,infested,4th,fourteen
I.Unif.1.4th,Unif 1,none,UBQ14,27.15030245,uninfiltrated,infested,4th,fourteen
I.Unif.1.4th,Unif 1,none,TMN5,29.88122747,uninfiltrated,infested,4th,fourteen
I.Unif.1.4th,Unif 1,none,PP2A1,27.08354703,uninfiltrated,infested,4th,fourteen
I.Unif.1.4th,Unif 1,none,HYD1,26.57456061,uninfiltrated,infested,4th,fourteen
I.Unif.1.4th,Unif 1,none,ACT7,21.06256264,uninfiltrated,infested,4th,fourteen
I.HYD.9.2nd,HYD 9,HYD1,UBQ7,21.76818804,vigs_infiltrated,infested,2nd,fourteen
I.HYD.9.2nd,HYD 9,HYD1,UBQ14,27.47692474,vigs_infiltrated,infested,2nd,fourteen
I.HYD.9.2nd,HYD 9,HYD1,TMN5,29.97679639,vigs_infiltrated,infested,2nd,fourteen
I.HYD.9.2nd,HYD 9,HYD1,TBL6,30.21107846,vigs_infiltrated,infested,2nd,fourteen
I.HYD.9.2nd,HYD 9,HYD1,PP2A1,26.67536842,vigs_infiltrated,infested,2nd,fourteen
I.HYD.9.2nd,HYD 9,HYD1,HYD1,28.192618,vigs_infiltrated,infested,2nd,fourteen
I.HYD.9.2nd,HYD 9,HYD1,ACT7,21.1843812,vigs_infiltrated,infested,2nd,fourteen
I.HYD.6.2nd,HYD 6,HYD1,UBQ7,20.57123751,vigs_infiltrated,infested,2nd,twenty-one
I.HYD.6.2nd,HYD 6,HYD1,UBQ14,27.00418268,vigs_infiltrated,infested,2nd,twenty-one
I.HYD.6.2nd,HYD 6,HYD1,TMN5,31.15480842,vigs_infiltrated,infested,2nd,twenty-one
I.HYD.6.2nd,HYD 6,HYD1,TBL6,28.06407898,vigs_infiltrated,infested,2nd,twenty-one
I.HYD.6.2nd,HYD 6,HYD1,PP2A1,26.83924945,vigs_infiltrated,infested,2nd,twenty-one
I.HYD.6.2nd,HYD 6,HYD1,HYD1,31.41793994,vigs_infiltrated,infested,2nd,twenty-one
I.HYD.6.2nd,HYD 6,HYD1,ACT7,21.82834954,vigs_infiltrated,infested,2nd,twenty-one
I.HYD.6.4th,HYD 6,HYD1,UBQ7,21.63381089,vigs_infiltrated,infested,4th,twenty-one
I.HYD.6.4th,HYD 6,HYD1,UBQ14,26.58603774,vigs_infiltrated,infested,4th,twenty-one
I.HYD.6.4th,HYD 6,HYD1,TMN5,29.18835427,vigs_infiltrated,infested,4th,twenty-one
I.HYD.6.4th,HYD 6,HYD1,TBL6,29.82175808,vigs_infiltrated,infested,4th,twenty-one
I.HYD.6.4th,HYD 6,HYD1,PP2A1,26.86195558,vigs_infiltrated,infested,4th,twenty-one
I.HYD.6.4th,HYD 6,HYD1,HYD1,29.8468892,vigs_infiltrated,infested,4th,twenty-one
I.HYD.6.4th,HYD 6,HYD1,ACT7,20.8752277,vigs_infiltrated,infested,4th,twenty-one
I.HYD.5.2nd,HYD 5,HYD1,UBQ7,26.92637675,vigs_infiltrated,infested,2nd,fourteen
I.HYD.5.2nd,HYD 5,HYD1,UBQ14,23.03156081,vigs_infiltrated,infested,2nd,fourteen
I.HYD.5.2nd,HYD 5,HYD1,TMN5,30.74075073,vigs_infiltrated,infested,2nd,fourteen
I.HYD.5.2nd,HYD 5,HYD1,TBL6,31.32000044,vigs_infiltrated,infested,2nd,fourteen
I.HYD.5.2nd,HYD 5,HYD1,PP2A1,27.46556204,vigs_infiltrated,infested,2nd,fourteen
I.HYD.5.2nd,HYD 5,HYD1,HYD1,30.14993316,vigs_infiltrated,infested,2nd,fourteen
I.HYD.5.2nd,HYD 5,HYD1,ACT7,21.56070163,vigs_infiltrated,infested,2nd,fourteen
I.HYD.5.4th,HYD 5,HYD1,UBQ7,21.9595942,vigs_infiltrated,infested,4th,fourteen
I.HYD.5.4th,HYD 5,HYD1,UBQ14,27.30970661,vigs_infiltrated,infested,4th,fourteen
I.HYD.5.4th,HYD 5,HYD1,TMN5,30.87972017,vigs_infiltrated,infested,4th,fourteen
I.HYD.5.4th,HYD 5,HYD1,TBL6,31.76688836,vigs_infiltrated,infested,4th,fourteen
I.HYD.5.4th,HYD 5,HYD1,PP2A1,28.09289234,vigs_infiltrated,infested,4th,fourteen
I.HYD.5.4th,HYD 5,HYD1,HYD1,31.96324247,vigs_infiltrated,infested,4th,fourteen
I.HYD.5.4th,HYD 5,HYD1,ACT7,20.96988043,vigs_infiltrated,infested,4th,fourteen
I.HYD.26.2nd,HYD 26,HYD1,UBQ7,20.22907994,vigs_infiltrated,infested,2nd,twenty-one
I.HYD.26.2nd,HYD 26,HYD1,UBQ14,25.61277068,vigs_infiltrated,infested,2nd,twenty-one
I.HYD.26.2nd,HYD 26,HYD1,TMN5,28.91537798,vigs_infiltrated,infested,2nd,twenty-one
I.HYD.26.2nd,HYD 26,HYD1,TBL6,28.29714125,vigs_infiltrated,infested,2nd,twenty-one
I.HYD.26.2nd,HYD 26,HYD1,PP2A1,26.37941705,vigs_infiltrated,infested,2nd,twenty-one
I.HYD.26.2nd,HYD 26,HYD1,HYD1,29.99578543,vigs_infiltrated,infested,2nd,twenty-one
I.HYD.26.2nd,HYD 26,HYD1,ACT7,20.49589084,vigs_infiltrated,infested,2nd,twenty-one
I.HYD.26.4th,HYD 26,HYD1,UBQ7,20.33346299,vigs_infiltrated,infested,4th,twenty-one
I.HYD.26.4th,HYD 26,HYD1,UBQ14,25.61453111,vigs_infiltrated,infested,4th,twenty-one
I.HYD.26.4th,HYD 26,HYD1,TMN5,28.38308342,vigs_infiltrated,infested,4th,twenty-one
I.HYD.26.4th,HYD 26,HYD1,PP2A1,26.05450029,vigs_infiltrated,infested,4th,twenty-one
I.HYD.26.4th,HYD 26,HYD1,HYD1,25.84837095,vigs_infiltrated,infested,4th,twenty-one
I.HYD.26.4th,HYD 26,HYD1,ACT7,20.2294558,vigs_infiltrated,infested,4th,twenty-one
I.HYD.25.2nd,HYD 25,HYD1,UBQ7,24.25484221,vigs_infiltrated,infested,2nd,fourteen
I.HYD.25.2nd,HYD 25,HYD1,UBQ14,28.96822665,vigs_infiltrated,infested,2nd,fourteen
I.HYD.25.2nd,HYD 25,HYD1,TMN5,32.26600732,vigs_infiltrated,infested,2nd,fourteen
I.HYD.25.2nd,HYD 25,HYD1,TBL6,33.1220872,vigs_infiltrated,infested,2nd,fourteen
I.HYD.25.2nd,HYD 25,HYD1,PP2A1,30.15494214,vigs_infiltrated,infested,2nd,fourteen
I.HYD.25.2nd,HYD 25,HYD1,HYD1,31.08092626,vigs_infiltrated,infested,2nd,fourteen
I.HYD.25.2nd,HYD 25,HYD1,ACT7,23.58734379,vigs_infiltrated,infested,2nd,fourteen
I.HYD.22.2nd,HYD 22,HYD1,UBQ7,29.76847235,vigs_infiltrated,infested,2nd,twenty-one
I.HYD.22.2nd,HYD 22,HYD1,UBQ14,23.22416851,vigs_infiltrated,infested,2nd,twenty-one
I.HYD.22.2nd,HYD 22,HYD1,TMN5,33.76882834,vigs_infiltrated,infested,2nd,twenty-one
I.HYD.22.2nd,HYD 22,HYD1,TBL6,30.38377927,vigs_infiltrated,infested,2nd,twenty-one
I.HYD.22.2nd,HYD 22,HYD1,PP2A1,28.65835331,vigs_infiltrated,infested,2nd,twenty-one
I.HYD.22.2nd,HYD 22,HYD1,HYD1,33.36546852,vigs_infiltrated,infested,2nd,twenty-one
I.HYD.22.2nd,HYD 22,HYD1,ACT7,23.79530752,vigs_infiltrated,infested,2nd,twenty-one
I.HYD.22.4th,HYD 22,HYD1,UBQ7,21.36618009,vigs_infiltrated,infested,4th,twenty-one
I.HYD.22.4th,HYD 22,HYD1,UBQ14,26.15449671,vigs_infiltrated,infested,4th,twenty-one
I.HYD.22.4th,HYD 22,HYD1,TMN5,30.72420042,vigs_infiltrated,infested,4th,twenty-one
I.HYD.22.4th,HYD 22,HYD1,TBL6,28.44728995,vigs_infiltrated,infested,4th,twenty-one
I.HYD.22.4th,HYD 22,HYD1,PP2A1,26.88334039,vigs_infiltrated,infested,4th,twenty-one
I.HYD.22.4th,HYD 22,HYD1,HYD1,28.12645317,vigs_infiltrated,infested,4th,twenty-one
I.HYD.22.4th,HYD 22,HYD1,ACT7,21.40918022,vigs_infiltrated,infested,4th,twenty-one
I.HYD.21.2nd,HYD 21,HYD1,UBQ7,29.62109322,vigs_infiltrated,infested,2nd,fourteen
I.HYD.21.2nd,HYD 21,HYD1,UBQ14,25.04499423,vigs_infiltrated,infested,2nd,fourteen
I.HYD.21.2nd,HYD 21,HYD1,TMN5,30.20939818,vigs_infiltrated,infested,2nd,fourteen
I.HYD.21.2nd,HYD 21,HYD1,TBL6,31.98304392,vigs_infiltrated,infested,2nd,fourteen
I.HYD.21.2nd,HYD 21,HYD1,PP2A1,28.52331412,vigs_infiltrated,infested,2nd,fourteen
I.HYD.21.2nd,HYD 21,HYD1,HYD1,32.20507186,vigs_infiltrated,infested,2nd,fourteen
I.HYD.21.2nd,HYD 21,HYD1,ACT7,21.27038773,vigs_infiltrated,infested,2nd,fourteen
I.HYD.21.4th,HYD 21,HYD1,UBQ7,29.31738761,vigs_infiltrated,infested,4th,fourteen
I.HYD.21.4th,HYD 21,HYD1,UBQ14,24.34850054,vigs_infiltrated,infested,4th,fourteen
I.HYD.21.4th,HYD 21,HYD1,TMN5,32.11977202,vigs_infiltrated,infested,4th,fourteen
I.HYD.21.4th,HYD 21,HYD1,TBL6,33.27486286,vigs_infiltrated,infested,4th,fourteen
I.HYD.21.4th,HYD 21,HYD1,PP2A1,28.3886363,vigs_infiltrated,infested,4th,fourteen
I.HYD.21.4th,HYD 21,HYD1,HYD1,34.34403278,vigs_infiltrated,infested,4th,fourteen
I.HYD.21.4th,HYD 21,HYD1,ACT7,22.65674254,vigs_infiltrated,infested,4th,fourteen
I.HYD.2.2nd,HYD 2,HYD1,UBQ7,21.46317031,vigs_infiltrated,infested,2nd,twenty-one
I.HYD.2.2nd,HYD 2,HYD1,UBQ14,26.09170029,vigs_infiltrated,infested,2nd,twenty-one
I.HYD.2.2nd,HYD 2,HYD1,TMN5,29.23296476,vigs_infiltrated,infested,2nd,twenty-one
I.HYD.2.2nd,HYD 2,HYD1,PP2A1,26.54561629,vigs_infiltrated,infested,2nd,twenty-one
I.HYD.2.2nd,HYD 2,HYD1,HYD1,29.62826274,vigs_infiltrated,infested,2nd,twenty-one
I.HYD.2.2nd,HYD 2,HYD1,ACT7,21.01884449,vigs_infiltrated,infested,2nd,twenty-one
I.HYD.2.4th,HYD 2,HYD1,UBQ7,20.56800142,vigs_infiltrated,infested,4th,twenty-one
I.HYD.2.4th,HYD 2,HYD1,UBQ14,26.49403557,vigs_infiltrated,infested,4th,twenty-one
I.HYD.2.4th,HYD 2,HYD1,TMN5,29.13823103,vigs_infiltrated,infested,4th,twenty-one
I.HYD.2.4th,HYD 2,HYD1,PP2A1,26.12884898,vigs_infiltrated,infested,4th,twenty-one
I.HYD.2.4th,HYD 2,HYD1,HYD1,28.97125728,vigs_infiltrated,infested,4th,twenty-one
I.HYD.2.4th,HYD 2,HYD1,ACT7,20.79929176,vigs_infiltrated,infested,4th,twenty-one
I.HYD.18.2nd,HYD 18,HYD1,UBQ7,19.89149401,vigs_infiltrated,infested,2nd,twenty-one
I.HYD.18.2nd,HYD 18,HYD1,UBQ14,25.45521691,vigs_infiltrated,infested,2nd,twenty-one
I.HYD.18.2nd,HYD 18,HYD1,TMN5,28.55786108,vigs_infiltrated,infested,2nd,twenty-one
I.HYD.18.2nd,HYD 18,HYD1,TBL6,28.97691702,vigs_infiltrated,infested,2nd,twenty-one
I.HYD.18.2nd,HYD 18,HYD1,PP2A1,26.13659643,vigs_infiltrated,infested,2nd,twenty-one
I.HYD.18.2nd,HYD 18,HYD1,HYD1,28.45935169,vigs_infiltrated,infested,2nd,twenty-one
I.HYD.18.2nd,HYD 18,HYD1,ACT7,20.28918524,vigs_infiltrated,infested,2nd,twenty-one
I.HYD.18.4th,HYD 18,HYD1,UBQ7,23.47152134,vigs_infiltrated,infested,4th,twenty-one
I.HYD.18.4th,HYD 18,HYD1,UBQ14,28.4089058,vigs_infiltrated,infested,4th,twenty-one
I.HYD.18.4th,HYD 18,HYD1,TMN5,31.62753817,vigs_infiltrated,infested,4th,twenty-one
I.HYD.18.4th,HYD 18,HYD1,TBL6,32.43083136,vigs_infiltrated,infested,4th,twenty-one
I.HYD.18.4th,HYD 18,HYD1,PP2A1,28.93634616,vigs_infiltrated,infested,4th,twenty-one
I.HYD.18.4th,HYD 18,HYD1,HYD1,30.36417428,vigs_infiltrated,infested,4th,twenty-one
I.HYD.18.4th,HYD 18,HYD1,ACT7,22.13388359,vigs_infiltrated,infested,4th,twenty-one
I.HYD.17.2nd,HYD 17,HYD1,UBQ7,25.49548145,vigs_infiltrated,infested,2nd,fourteen
I.HYD.17.2nd,HYD 17,HYD1,UBQ14,30.46830306,vigs_infiltrated,infested,2nd,fourteen
I.HYD.17.2nd,HYD 17,HYD1,TMN5,33.5326348,vigs_infiltrated,infested,2nd,fourteen
I.HYD.17.2nd,HYD 17,HYD1,PP2A1,30.86708312,vigs_infiltrated,infested,2nd,fourteen
I.HYD.17.2nd,HYD 17,HYD1,HYD1,33.26268572,vigs_infiltrated,infested,2nd,fourteen
I.HYD.17.2nd,HYD 17,HYD1,ACT7,23.44894097,vigs_infiltrated,infested,2nd,fourteen
I.HYD.13.2nd,HYD 13,HYD1,UBQ7,21.231185,vigs_infiltrated,infested,2nd,fourteen
I.HYD.13.2nd,HYD 13,HYD1,UBQ14,26.05886876,vigs_infiltrated,infested,2nd,fourteen
I.HYD.13.2nd,HYD 13,HYD1,TMN5,29.28982308,vigs_infiltrated,infested,2nd,fourteen
I.HYD.13.2nd,HYD 13,HYD1,TBL6,29.34444299,vigs_infiltrated,infested,2nd,fourteen
I.HYD.13.2nd,HYD 13,HYD1,PP2A1,27.01497469,vigs_infiltrated,infested,2nd,fourteen
I.HYD.13.2nd,HYD 13,HYD1,HYD1,28.62633826,vigs_infiltrated,infested,2nd,fourteen
I.HYD.13.2nd,HYD 13,HYD1,ACT7,19.95857425,vigs_infiltrated,infested,2nd,fourteen
I.HYD.13.4th,HYD 13,HYD1,UBQ14,27.00650366,vigs_infiltrated,infested,4th,fourteen
I.HYD.13.4th,HYD 13,HYD1,TMN5,30.29682759,vigs_infiltrated,infested,4th,fourteen
I.HYD.13.4th,HYD 13,HYD1,TBL6,29.6179914,vigs_infiltrated,infested,4th,fourteen
I.HYD.13.4th,HYD 13,HYD1,PP2A1,27.31510561,vigs_infiltrated,infested,4th,fourteen
I.HYD.13.4th,HYD 13,HYD1,HYD1,30.235372,vigs_infiltrated,infested,4th,fourteen
I.HYD.13.4th,HYD 13,HYD1,ACT7,21.29535615,vigs_infiltrated,infested,4th,fourteen
I.HYD.10.2nd,HYD 10,HYD1,UBQ7,20.96051219,vigs_infiltrated,infested,2nd,twenty-one
I.HYD.10.2nd,HYD 10,HYD1,UBQ14,25.62205918,vigs_infiltrated,infested,2nd,twenty-one
I.HYD.10.2nd,HYD 10,HYD1,TMN5,29.4361967,vigs_infiltrated,infested,2nd,twenty-one
I.HYD.10.2nd,HYD 10,HYD1,PP2A1,26.91985386,vigs_infiltrated,infested,2nd,twenty-one
I.HYD.10.2nd,HYD 10,HYD1,HYD1,28.25888667,vigs_infiltrated,infested,2nd,twenty-one
I.HYD.10.2nd,HYD 10,HYD1,ACT7,20.40577364,vigs_infiltrated,infested,2nd,twenty-one
I.HYD.10.4th,HYD 10,HYD1,UBQ7,26.57341251,vigs_infiltrated,infested,4th,twenty-one
I.HYD.10.4th,HYD 10,HYD1,UBQ14,21.29326,vigs_infiltrated,infested,4th,twenty-one
I.HYD.10.4th,HYD 10,HYD1,TMN5,29.13898577,vigs_infiltrated,infested,4th,twenty-one
I.HYD.10.4th,HYD 10,HYD1,TBL6,28.82482834,vigs_infiltrated,infested,4th,twenty-one
I.HYD.10.4th,HYD 10,HYD1,PP2A1,27.12590916,vigs_infiltrated,infested,4th,twenty-one
I.HYD.10.4th,HYD 10,HYD1,HYD1,26.47697341,vigs_infiltrated,infested,4th,twenty-one
I.HYD.10.4th,HYD 10,HYD1,ACT7,21.00150163,vigs_infiltrated,infested,4th,twenty-one
I.HYD.1.2nd,HYD 1,HYD1,UBQ7,20.00112378,vigs_infiltrated,infested,2nd,fourteen
I.HYD.1.2nd,HYD 1,HYD1,UBQ14,26.28886032,vigs_infiltrated,infested,2nd,fourteen
I.HYD.1.2nd,HYD 1,HYD1,TMN5,28.37752092,vigs_infiltrated,infested,2nd,fourteen
I.HYD.1.2nd,HYD 1,HYD1,PP2A1,26.17390507,vigs_infiltrated,infested,2nd,fourteen
I.HYD.1.2nd,HYD 1,HYD1,HYD1,30.08757839,vigs_infiltrated,infested,2nd,fourteen
I.HYD.1.2nd,HYD 1,HYD1,ACT7,19.90160344,vigs_infiltrated,infested,2nd,fourteen
I.HYD.1.4th,HYD 1,HYD1,UBQ7,24.59334063,vigs_infiltrated,infested,4th,fourteen
I.HYD.1.4th,HYD 1,HYD1,UBQ14,29.20273248,vigs_infiltrated,infested,4th,fourteen
I.HYD.1.4th,HYD 1,HYD1,TMN5,32.14877124,vigs_infiltrated,infested,4th,fourteen
I.HYD.1.4th,HYD 1,HYD1,PP2A1,29.09329818,vigs_infiltrated,infested,4th,fourteen
I.HYD.1.4th,HYD 1,HYD1,HYD1,32.13247915,vigs_infiltrated,infested,4th,fourteen
I.HYD.1.4th,HYD 1,HYD1,ACT7,23.37852592,vigs_infiltrated,infested,4th,fourteen
I.GFP.9.2nd,GFP 9,GFP,UBQ7,22.89281017,vigs_infiltrated,infested,2nd,fourteen
I.GFP.9.2nd,GFP 9,GFP,UBQ14,27.11548999,vigs_infiltrated,infested,2nd,fourteen
I.GFP.9.2nd,GFP 9,GFP,TMN5,29.90377463,vigs_infiltrated,infested,2nd,fourteen
I.GFP.9.2nd,GFP 9,GFP,TBL6,29.0746075,vigs_infiltrated,infested,2nd,fourteen
I.GFP.9.2nd,GFP 9,GFP,PP2A1,27.36783296,vigs_infiltrated,infested,2nd,fourteen
I.GFP.9.2nd,GFP 9,GFP,HYD1,28.15494896,vigs_infiltrated,infested,2nd,fourteen
I.GFP.9.2nd,GFP 9,GFP,ACT7,21.40238773,vigs_infiltrated,infested,2nd,fourteen
I.GFP.9.4th,GFP 9,GFP,UBQ7,22.01700977,vigs_infiltrated,infested,4th,fourteen
I.GFP.9.4th,GFP 9,GFP,UBQ14,26.90343778,vigs_infiltrated,infested,4th,fourteen
I.GFP.9.4th,GFP 9,GFP,TMN5,29.46357989,vigs_infiltrated,infested,4th,fourteen
I.GFP.9.4th,GFP 9,GFP,PP2A1,26.89968558,vigs_infiltrated,infested,4th,fourteen
I.GFP.9.4th,GFP 9,GFP,HYD1,27.24178688,vigs_infiltrated,infested,4th,fourteen
I.GFP.9.4th,GFP 9,GFP,ACT7,20.9537431,vigs_infiltrated,infested,4th,fourteen
I.GFP.5.2nd,GFP 5,GFP,UBQ7,26.43733483,vigs_infiltrated,infested,2nd,fourteen
I.GFP.5.2nd,GFP 5,GFP,UBQ14,22.03467854,vigs_infiltrated,infested,2nd,fourteen
I.GFP.5.2nd,GFP 5,GFP,TMN5,29.87247535,vigs_infiltrated,infested,2nd,fourteen
I.GFP.5.2nd,GFP 5,GFP,TBL6,30.59084403,vigs_infiltrated,infested,2nd,fourteen
I.GFP.5.2nd,GFP 5,GFP,PP2A1,27.04387053,vigs_infiltrated,infested,2nd,fourteen
I.GFP.5.2nd,GFP 5,GFP,HYD1,26.41746279,vigs_infiltrated,infested,2nd,fourteen
I.GFP.5.2nd,GFP 5,GFP,ACT7,21.4365002,vigs_infiltrated,infested,2nd,fourteen
I.GFP.26.4th,GFP 26,GFP,UBQ7,27.42593337,vigs_infiltrated,infested,4th,twenty-one
I.GFP.26.4th,GFP 26,GFP,UBQ14,22.27537903,vigs_infiltrated,infested,4th,twenty-one
I.GFP.26.4th,GFP 26,GFP,TMN5,30.869323,vigs_infiltrated,infested,4th,twenty-one
I.GFP.26.4th,GFP 26,GFP,TBL6,30.66165423,vigs_infiltrated,infested,4th,twenty-one
I.GFP.26.4th,GFP 26,GFP,PP2A1,26.89788075,vigs_infiltrated,infested,4th,twenty-one
I.GFP.26.4th,GFP 26,GFP,HYD1,28.02911591,vigs_infiltrated,infested,4th,twenty-one
I.GFP.26.4th,GFP 26,GFP,ACT7,21.64340221,vigs_infiltrated,infested,4th,twenty-one
I.GFP.26.2nd,GFP 26,GFP,UBQ7,26.94832847,vigs_infiltrated,infested,2nd,twenty-one
I.GFP.26.2nd,GFP 26,GFP,UBQ14,22.2729243,vigs_infiltrated,infested,2nd,twenty-one
I.GFP.26.2nd,GFP 26,GFP,TMN5,30.16498705,vigs_infiltrated,infested,2nd,twenty-one
I.GFP.26.2nd,GFP 26,GFP,TBL6,30.72362284,vigs_infiltrated,infested,2nd,twenty-one
I.GFP.26.2nd,GFP 26,GFP,PP2A1,26.93192726,vigs_infiltrated,infested,2nd,twenty-one
I.GFP.26.2nd,GFP 26,GFP,HYD1,27.35118107,vigs_infiltrated,infested,2nd,twenty-one
I.GFP.26.2nd,GFP 26,GFP,ACT7,21.58653404,vigs_infiltrated,infested,2nd,twenty-one
I.GFP.25.4th,GFP 25,GFP,UBQ7,22.81864833,vigs_infiltrated,infested,4th,fourteen
I.GFP.25.4th,GFP 25,GFP,UBQ14,27.81847963,vigs_infiltrated,infested,4th,fourteen
I.GFP.25.4th,GFP 25,GFP,TMN5,29.66198053,vigs_infiltrated,infested,4th,fourteen
I.GFP.25.4th,GFP 25,GFP,TBL6,31.61443355,vigs_infiltrated,infested,4th,fourteen
I.GFP.25.4th,GFP 25,GFP,PP2A1,27.17636128,vigs_infiltrated,infested,4th,fourteen
I.GFP.25.4th,GFP 25,GFP,HYD1,27.75019103,vigs_infiltrated,infested,4th,fourteen
I.GFP.25.4th,GFP 25,GFP,ACT7,20.94867805,vigs_infiltrated,infested,4th,fourteen
I.GFP.25.2nd,GFP 25,GFP,UBQ14,25.96346451,vigs_infiltrated,infested,2nd,fourteen
I.GFP.25.2nd,GFP 25,GFP,TMN5,28.72822807,vigs_infiltrated,infested,2nd,fourteen
I.GFP.25.2nd,GFP 25,GFP,TBL6,28.60577074,vigs_infiltrated,infested,2nd,fourteen
I.GFP.25.2nd,GFP 25,GFP,PP2A1,25.99000636,vigs_infiltrated,infested,2nd,fourteen
I.GFP.25.2nd,GFP 25,GFP,HYD1,26.99328588,vigs_infiltrated,infested,2nd,fourteen
I.GFP.25.2nd,GFP 25,GFP,ACT7,20.13728937,vigs_infiltrated,infested,2nd,fourteen
I.GFP.22.2nd,GFP 22,GFP,UBQ7,21.13813128,vigs_infiltrated,infested,2nd,twenty-one
I.GFP.22.2nd,GFP 22,GFP,UBQ14,26.29932022,vigs_infiltrated,infested,2nd,twenty-one
I.GFP.22.2nd,GFP 22,GFP,TMN5,28.83849232,vigs_infiltrated,infested,2nd,twenty-one
I.GFP.22.2nd,GFP 22,GFP,PP2A1,26.29639308,vigs_infiltrated,infested,2nd,twenty-one
I.GFP.22.2nd,GFP 22,GFP,HYD1,26.21867791,vigs_infiltrated,infested,2nd,twenty-one
I.GFP.22.2nd,GFP 22,GFP,ACT7,20.36364741,vigs_infiltrated,infested,2nd,twenty-one
I.GFP.22.4th,GFP 22,GFP,UBQ7,24.14895665,vigs_infiltrated,infested,4th,twenty-one
I.GFP.22.4th,GFP 22,GFP,UBQ14,28.61251595,vigs_infiltrated,infested,4th,twenty-one
I.GFP.22.4th,GFP 22,GFP,TMN5,31.25025398,vigs_infiltrated,infested,4th,twenty-one
I.GFP.22.4th,GFP 22,GFP,PP2A1,28.79480282,vigs_infiltrated,infested,4th,twenty-one
I.GFP.22.4th,GFP 22,GFP,HYD1,29.15958784,vigs_infiltrated,infested,4th,twenty-one
I.GFP.22.4th,GFP 22,GFP,ACT7,21.97936518,vigs_infiltrated,infested,4th,twenty-one
I.GFP.21.2nd,GFP 21,GFP,UBQ7,26.30456174,vigs_infiltrated,infested,2nd,fourteen
I.GFP.21.2nd,GFP 21,GFP,UBQ14,21.96738337,vigs_infiltrated,infested,2nd,fourteen
I.GFP.21.2nd,GFP 21,GFP,TMN5,29.80617706,vigs_infiltrated,infested,2nd,fourteen
I.GFP.21.2nd,GFP 21,GFP,TBL6,30.14914003,vigs_infiltrated,infested,2nd,fourteen
I.GFP.21.2nd,GFP 21,GFP,PP2A1,26.92789436,vigs_infiltrated,infested,2nd,fourteen
I.GFP.21.2nd,GFP 21,GFP,HYD1,27.07841895,vigs_infiltrated,infested,2nd,fourteen
I.GFP.21.2nd,GFP 21,GFP,ACT7,20.8446044,vigs_infiltrated,infested,2nd,fourteen
I.GFP.2.2nd,GFP 2,GFP,UBQ7,21.52917143,vigs_infiltrated,infested,2nd,twenty-one
I.GFP.2.2nd,GFP 2,GFP,UBQ14,26.28949138,vigs_infiltrated,infested,2nd,twenty-one
I.GFP.2.2nd,GFP 2,GFP,TMN5,29.49526369,vigs_infiltrated,infested,2nd,twenty-one
I.GFP.2.2nd,GFP 2,GFP,TBL6,28.37992835,vigs_infiltrated,infested,2nd,twenty-one
I.GFP.2.2nd,GFP 2,GFP,PP2A1,26.30241621,vigs_infiltrated,infested,2nd,twenty-one
I.GFP.2.2nd,GFP 2,GFP,HYD1,26.99731792,vigs_infiltrated,infested,2nd,twenty-one
I.GFP.2.2nd,GFP 2,GFP,ACT7,21.33276715,vigs_infiltrated,infested,2nd,twenty-one
I.GFP.18.4th,GFP 18,GFP,UBQ7,26.13572188,vigs_infiltrated,infested,4th,twenty-one
I.GFP.18.4th,GFP 18,GFP,UBQ14,21.45037573,vigs_infiltrated,infested,4th,twenty-one
I.GFP.18.4th,GFP 18,GFP,TMN5,28.95833208,vigs_infiltrated,infested,4th,twenty-one
I.GFP.18.4th,GFP 18,GFP,TBL6,29.28377267,vigs_infiltrated,infested,4th,twenty-one
I.GFP.18.4th,GFP 18,GFP,PP2A1,26.29601744,vigs_infiltrated,infested,4th,twenty-one
I.GFP.18.4th,GFP 18,GFP,HYD1,25.9862156,vigs_infiltrated,infested,4th,twenty-one
I.GFP.18.4th,GFP 18,GFP,ACT7,21.06003643,vigs_infiltrated,infested,4th,twenty-one
I.GFP.18.2nd,GFP 18,GFP,UBQ7,25.73819922,vigs_infiltrated,infested,2nd,twenty-one
I.GFP.18.2nd,GFP 18,GFP,UBQ14,20.86723086,vigs_infiltrated,infested,2nd,twenty-one
I.GFP.18.2nd,GFP 18,GFP,TMN5,28.25136988,vigs_infiltrated,infested,2nd,twenty-one
I.GFP.18.2nd,GFP 18,GFP,TBL6,28.83558163,vigs_infiltrated,infested,2nd,twenty-one
I.GFP.18.2nd,GFP 18,GFP,PP2A1,26.41320491,vigs_infiltrated,infested,2nd,twenty-one
I.GFP.18.2nd,GFP 18,GFP,HYD1,25.78187189,vigs_infiltrated,infested,2nd,twenty-one
I.GFP.18.2nd,GFP 18,GFP,ACT7,20.57899922,vigs_infiltrated,infested,2nd,twenty-one
I.GFP.17.2nd,GFP 17,GFP,UBQ7,23.78489311,vigs_infiltrated,infested,2nd,fourteen
I.GFP.17.2nd,GFP 17,GFP,UBQ14,28.49457914,vigs_infiltrated,infested,2nd,fourteen
I.GFP.17.2nd,GFP 17,GFP,TMN5,31.18803729,vigs_infiltrated,infested,2nd,fourteen
I.GFP.17.2nd,GFP 17,GFP,PP2A1,28.74806539,vigs_infiltrated,infested,2nd,fourteen
I.GFP.17.2nd,GFP 17,GFP,HYD1,28.89340659,vigs_infiltrated,infested,2nd,fourteen
I.GFP.17.2nd,GFP 17,GFP,ACT7,22.54702922,vigs_infiltrated,infested,2nd,fourteen
I.GFP.14.2nd,GFP 14,GFP,UBQ7,21.26190313,vigs_infiltrated,infested,2nd,twenty-one
I.GFP.14.2nd,GFP 14,GFP,UBQ14,26.79471736,vigs_infiltrated,infested,2nd,twenty-one
I.GFP.14.2nd,GFP 14,GFP,TMN5,29.94397545,vigs_infiltrated,infested,2nd,twenty-one
I.GFP.14.2nd,GFP 14,GFP,TBL6,29.47345619,vigs_infiltrated,infested,2nd,twenty-one
I.GFP.14.2nd,GFP 14,GFP,PP2A1,26.67705349,vigs_infiltrated,infested,2nd,twenty-one
I.GFP.14.2nd,GFP 14,GFP,HYD1,27.55031439,vigs_infiltrated,infested,2nd,twenty-one
I.GFP.14.2nd,GFP 14,GFP,ACT7,20.54125496,vigs_infiltrated,infested,2nd,twenty-one
I.GFP.14.4th,GFP 14,GFP,UBQ7,27.84019497,vigs_infiltrated,infested,4th,twenty-one
I.GFP.14.4th,GFP 14,GFP,UBQ14,31.46006883,vigs_infiltrated,infested,4th,twenty-one
I.GFP.14.4th,GFP 14,GFP,PP2A1,31.66110848,vigs_infiltrated,infested,4th,twenty-one
I.GFP.14.4th,GFP 14,GFP,HYD1,31.10251277,vigs_infiltrated,infested,4th,twenty-one
I.GFP.14.4th,GFP 14,GFP,ACT7,25.60807698,vigs_infiltrated,infested,4th,twenty-one
I.GFP.13.2nd,GFP 13,GFP,UBQ14,26.35853136,vigs_infiltrated,infested,2nd,fourteen
I.GFP.13.2nd,GFP 13,GFP,TMN5,29.13134573,vigs_infiltrated,infested,2nd,fourteen
I.GFP.13.2nd,GFP 13,GFP,TBL6,29.70358156,vigs_infiltrated,infested,2nd,fourteen
I.GFP.13.2nd,GFP 13,GFP,PP2A1,26.10967253,vigs_infiltrated,infested,2nd,fourteen
I.GFP.13.2nd,GFP 13,GFP,HYD1,27.33027217,vigs_infiltrated,infested,2nd,fourteen
I.GFP.13.2nd,GFP 13,GFP,ACT7,20.64527204,vigs_infiltrated,infested,2nd,fourteen
I.GFP.13.4th,GFP 13,GFP,UBQ7,23.17978895,vigs_infiltrated,infested,4th,fourteen
I.GFP.13.4th,GFP 13,GFP,UBQ14,27.5072296,vigs_infiltrated,infested,4th,fourteen
I.GFP.13.4th,GFP 13,GFP,TMN5,29.54464215,vigs_infiltrated,infested,4th,fourteen
I.GFP.13.4th,GFP 13,GFP,TBL6,31.24765255,vigs_infiltrated,infested,4th,fourteen
I.GFP.13.4th,GFP 13,GFP,PP2A1,27.33553298,vigs_infiltrated,infested,4th,fourteen
I.GFP.13.4th,GFP 13,GFP,HYD1,27.99245196,vigs_infiltrated,infested,4th,fourteen
I.GFP.13.4th,GFP 13,GFP,ACT7,21.05895008,vigs_infiltrated,infested,4th,fourteen
I.GFP.10.4th,GFP 10,GFP,UBQ7,21.06367851,vigs_infiltrated,infested,4th,twenty-one
I.GFP.10.4th,GFP 10,GFP,UBQ14,26.37454484,vigs_infiltrated,infested,4th,twenty-one
I.GFP.10.4th,GFP 10,GFP,TMN5,28.44454689,vigs_infiltrated,infested,4th,twenty-one
I.GFP.10.4th,GFP 10,GFP,TBL6,28.51592288,vigs_infiltrated,infested,4th,twenty-one
I.GFP.10.4th,GFP 10,GFP,PP2A1,26.10166104,vigs_infiltrated,infested,4th,twenty-one
I.GFP.10.4th,GFP 10,GFP,HYD1,25.88854026,vigs_infiltrated,infested,4th,twenty-one
I.GFP.10.4th,GFP 10,GFP,ACT7,21.0317414,vigs_infiltrated,infested,4th,twenty-one
I.GFP.10.2nd,GFP 10,GFP,UBQ7,24.58745957,vigs_infiltrated,infested,2nd,twenty-one
I.GFP.10.2nd,GFP 10,GFP,UBQ14,19.81488575,vigs_infiltrated,infested,2nd,twenty-one
I.GFP.10.2nd,GFP 10,GFP,TMN5,27.71475287,vigs_infiltrated,infested,2nd,twenty-one
I.GFP.10.2nd,GFP 10,GFP,TBL6,27.57878358,vigs_infiltrated,infested,2nd,twenty-one
I.GFP.10.2nd,GFP 10,GFP,PP2A1,25.26575913,vigs_infiltrated,infested,2nd,twenty-one
I.GFP.10.2nd,GFP 10,GFP,HYD1,24.75572693,vigs_infiltrated,infested,2nd,twenty-one
I.GFP.10.2nd,GFP 10,GFP,ACT7,19.7046568,vigs_infiltrated,infested,2nd,twenty-one
I.GFP1.2nd,GFP 1,GFP,UBQ7,27.49894969,vigs_infiltrated,infested,2nd,fourteen
I.GFP1.2nd,GFP 1,GFP,UBQ14,23.71246602,vigs_infiltrated,infested,2nd,fourteen
I.GFP1.2nd,GFP 1,GFP,TMN5,29.59628213,vigs_infiltrated,infested,2nd,fourteen
I.GFP1.2nd,GFP 1,GFP,TBL6,30.5258287,vigs_infiltrated,infested,2nd,fourteen
I.GFP1.2nd,GFP 1,GFP,PP2A1,27.94573796,vigs_infiltrated,infested,2nd,fourteen
I.GFP1.2nd,GFP 1,GFP,HYD1,27.62933686,vigs_infiltrated,infested,2nd,fourteen
I.GFP1.2nd,GFP 1,GFP,ACT7,20.08125412,vigs_infiltrated,infested,2nd,fourteen
I.Unif.8.2nd,Unif 8,none,UBQ7,23.57682888,uninfiltrated,uninfested,2nd,twenty-one
I.Unif.8.2nd,Unif 8,none,UBQ14,27.23864082,uninfiltrated,uninfested,2nd,twenty-one
I.Unif.8.2nd,Unif 8,none,TMN5,31.67826766,uninfiltrated,uninfested,2nd,twenty-one
I.Unif.8.2nd,Unif 8,none,TBL6,30.46170192,uninfiltrated,uninfested,2nd,twenty-one
I.Unif.8.2nd,Unif 8,none,PP2A1,28.00731232,uninfiltrated,uninfested,2nd,twenty-one
I.Unif.8.2nd,Unif 8,none,HYD1,28.7062938,uninfiltrated,uninfested,2nd,twenty-one
I.Unif.8.2nd,Unif 8,none,ACT7,22.20705562,uninfiltrated,uninfested,2nd,twenty-one
I.Unif.7.2nd,Unif 7,none,UBQ7,22.33840634,uninfiltrated,uninfested,2nd,fourteen
I.Unif.7.2nd,Unif 7,none,UBQ14,26.9212219,uninfiltrated,uninfested,2nd,fourteen
I.Unif.7.2nd,Unif 7,none,TMN5,30.945362,uninfiltrated,uninfested,2nd,fourteen
I.Unif.7.2nd,Unif 7,none,PP2A1,26.35480869,uninfiltrated,uninfested,2nd,fourteen
I.Unif.7.2nd,Unif 7,none,HYD1,27.64646866,uninfiltrated,uninfested,2nd,fourteen
I.Unif.7.2nd,Unif 7,none,ACT7,20.52182624,uninfiltrated,uninfested,2nd,fourteen
I.Unif.7.4th,Unif 7,none,UBQ7,21.56143219,uninfiltrated,uninfested,4th,fourteen
I.Unif.7.4th,Unif 7,none,UBQ14,27.70725326,uninfiltrated,uninfested,4th,fourteen
I.Unif.7.4th,Unif 7,none,TMN5,30.37307826,uninfiltrated,uninfested,4th,fourteen
I.Unif.7.4th,Unif 7,none,PP2A1,26.60605201,uninfiltrated,uninfested,4th,fourteen
I.Unif.7.4th,Unif 7,none,HYD1,28.29135575,uninfiltrated,uninfested,4th,fourteen
I.Unif.7.4th,Unif 7,none,ACT7,20.80864361,uninfiltrated,uninfested,4th,fourteen
I.Unif.3.2nd,Unif 3,none,UBQ7,22.1048918,uninfiltrated,uninfested,2nd,fourteen
I.Unif.3.2nd,Unif 3,none,UBQ14,26.23712113,uninfiltrated,uninfested,2nd,fourteen
I.Unif.3.2nd,Unif 3,none,TMN5,30.30793323,uninfiltrated,uninfested,2nd,fourteen
I.Unif.3.2nd,Unif 3,none,TBL6,30.60034973,uninfiltrated,uninfested,2nd,fourteen
I.Unif.3.2nd,Unif 3,none,PP2A1,27.42566798,uninfiltrated,uninfested,2nd,fourteen
I.Unif.3.2nd,Unif 3,none,HYD1,27.88860791,uninfiltrated,uninfested,2nd,fourteen
I.Unif.3.2nd,Unif 3,none,ACT7,20.28574997,uninfiltrated,uninfested,2nd,fourteen
I.Unif.24.2nd,Unif 24,none,UBQ7,24.81016281,uninfiltrated,uninfested,2nd,twenty-one
I.Unif.24.2nd,Unif 24,none,UBQ14,29.18950899,uninfiltrated,uninfested,2nd,twenty-one
I.Unif.24.2nd,Unif 24,none,TMN5,33.32877159,uninfiltrated,uninfested,2nd,twenty-one
I.Unif.24.2nd,Unif 24,none,PP2A1,30.35830844,uninfiltrated,uninfested,2nd,twenty-one
I.Unif.24.2nd,Unif 24,none,HYD1,30.30986165,uninfiltrated,uninfested,2nd,twenty-one
I.Unif.24.2nd,Unif 24,none,ACT7,23.69073259,uninfiltrated,uninfested,2nd,twenty-one
I.Unif.23.2nd,Unif 23,none,UBQ7,28.09305817,uninfiltrated,uninfested,2nd,fourteen
I.Unif.23.2nd,Unif 23,none,UBQ14,22.49094774,uninfiltrated,uninfested,2nd,fourteen
I.Unif.23.2nd,Unif 23,none,TMN5,32.15869655,uninfiltrated,uninfested,2nd,fourteen
I.Unif.23.2nd,Unif 23,none,PP2A1,28.54551073,uninfiltrated,uninfested,2nd,fourteen
I.Unif.23.2nd,Unif 23,none,HYD1,28.86760385,uninfiltrated,uninfested,2nd,fourteen
I.Unif.23.2nd,Unif 23,none,ACT7,22.43743384,uninfiltrated,uninfested,2nd,fourteen
I.Unif.20.2nd,Unif 20,none,UBQ7,21.303044,uninfiltrated,uninfested,2nd,twenty-one
I.Unif.20.2nd,Unif 20,none,UBQ14,27.00356852,uninfiltrated,uninfested,2nd,twenty-one
I.Unif.20.2nd,Unif 20,none,TMN5,30.08325114,uninfiltrated,uninfested,2nd,twenty-one
I.Unif.20.2nd,Unif 20,none,PP2A1,26.99378004,uninfiltrated,uninfested,2nd,twenty-one
I.Unif.20.2nd,Unif 20,none,HYD1,27.35336543,uninfiltrated,uninfested,2nd,twenty-one
I.Unif.20.2nd,Unif 20,none,ACT7,21.49909309,uninfiltrated,uninfested,2nd,twenty-one
I.Unif.19.2nd,Unif 19,none,UBQ7,20.91298951,uninfiltrated,uninfested,2nd,fourteen
I.Unif.19.2nd,Unif 19,none,UBQ14,26.75760214,uninfiltrated,uninfested,2nd,fourteen
I.Unif.19.2nd,Unif 19,none,TMN5,30.87563431,uninfiltrated,uninfested,2nd,fourteen
I.Unif.19.2nd,Unif 19,none,PP2A1,27.11146359,uninfiltrated,uninfested,2nd,fourteen
I.Unif.19.2nd,Unif 19,none,HYD1,28.66613246,uninfiltrated,uninfested,2nd,fourteen
I.Unif.19.2nd,Unif 19,none,ACT7,20.91594481,uninfiltrated,uninfested,2nd,fourteen
I.Unif.15.2nd,Unif 15,none,UBQ7,23.07573999,uninfiltrated,uninfested,2nd,fourteen
I.Unif.15.2nd,Unif 15,none,UBQ14,28.30085336,uninfiltrated,uninfested,2nd,fourteen
I.Unif.15.2nd,Unif 15,none,TMN5,32.35000209,uninfiltrated,uninfested,2nd,fourteen
I.Unif.15.2nd,Unif 15,none,TBL6,33.03492978,uninfiltrated,uninfested,2nd,fourteen
I.Unif.15.2nd,Unif 15,none,PP2A1,27.76201422,uninfiltrated,uninfested,2nd,fourteen
I.Unif.15.2nd,Unif 15,none,HYD1,29.84250789,uninfiltrated,uninfested,2nd,fourteen
I.Unif.15.2nd,Unif 15,none,ACT7,21.26551819,uninfiltrated,uninfested,2nd,fourteen
I.Unif.12.2nd,Unif 12,none,UBQ7,22.73819922,uninfiltrated,uninfested,2nd,twenty-one
I.Unif.12.2nd,Unif 12,none,UBQ14,27.29669002,uninfiltrated,uninfested,2nd,twenty-one
I.Unif.12.2nd,Unif 12,none,TMN5,30.98299799,uninfiltrated,uninfested,2nd,twenty-one
I.Unif.12.2nd,Unif 12,none,PP2A1,28.1568747,uninfiltrated,uninfested,2nd,twenty-one
I.Unif.12.2nd,Unif 12,none,HYD1,28.76228406,uninfiltrated,uninfested,2nd,twenty-one
I.Unif.12.2nd,Unif 12,none,ACT7,21.72836347,uninfiltrated,uninfested,2nd,twenty-one
I.Unif.12.4th,Unif 12,none,UBQ7,24.78289633,uninfiltrated,uninfested,4th,twenty-one
I.Unif.12.4th,Unif 12,none,UBQ14,30.06665618,uninfiltrated,uninfested,4th,twenty-one
I.Unif.12.4th,Unif 12,none,TMN5,31.80843167,uninfiltrated,uninfested,4th,twenty-one
I.Unif.12.4th,Unif 12,none,PP2A1,29.40370229,uninfiltrated,uninfested,4th,twenty-one
I.Unif.12.4th,Unif 12,none,HYD1,28.81758293,uninfiltrated,uninfested,4th,twenty-one
I.Unif.12.4th,Unif 12,none,ACT7,22.92442212,uninfiltrated,uninfested,4th,twenty-one
I.Unif.11.2nd,Unif 11,none,UBQ7,21.91628566,uninfiltrated,uninfested,2nd,fourteen
I.Unif.11.2nd,Unif 11,none,UBQ14,27.46366967,uninfiltrated,uninfested,2nd,fourteen
I.Unif.11.2nd,Unif 11,none,TMN5,29.99943978,uninfiltrated,uninfested,2nd,fourteen
I.Unif.11.2nd,Unif 11,none,PP2A1,26.50318109,uninfiltrated,uninfested,2nd,fourteen
I.Unif.11.2nd,Unif 11,none,HYD1,27.54252109,uninfiltrated,uninfested,2nd,fourteen
I.Unif.11.2nd,Unif 11,none,ACT7,21.13567318,uninfiltrated,uninfested,2nd,fourteen
I.GFP.8.4th,GFP 8,GFP,UBQ7,24.00853164,vigs_infiltrated,uninfested,4th,twenty-one
I.GFP.8.4th,GFP 8,GFP,UBQ14,29.29945937,vigs_infiltrated,uninfested,4th,twenty-one
I.GFP.8.4th,GFP 8,GFP,TMN5,32.0303472,vigs_infiltrated,uninfested,4th,twenty-one
I.GFP.8.4th,GFP 8,GFP,PP2A1,29.16343918,vigs_infiltrated,uninfested,4th,twenty-one
I.GFP.8.4th,GFP 8,GFP,HYD1,29.39442974,vigs_infiltrated,uninfested,4th,twenty-one
I.GFP.8.4th,GFP 8,GFP,ACT7,23.11041137,vigs_infiltrated,uninfested,4th,twenty-one
I.GFP.7.2nd,GFP 7,GFP,UBQ7,21.20528792,vigs_infiltrated,uninfested,2nd,fourteen
I.GFP.7.2nd,GFP 7,GFP,UBQ14,26.16254586,vigs_infiltrated,uninfested,2nd,fourteen
I.GFP.7.2nd,GFP 7,GFP,TMN5,30.73828018,vigs_infiltrated,uninfested,2nd,fourteen
I.GFP.7.2nd,GFP 7,GFP,TBL6,29.21364504,vigs_infiltrated,uninfested,2nd,fourteen
I.GFP.7.2nd,GFP 7,GFP,PP2A1,25.64803727,vigs_infiltrated,uninfested,2nd,fourteen
I.GFP.7.2nd,GFP 7,GFP,HYD1,27.69421628,vigs_infiltrated,uninfested,2nd,fourteen
I.GFP.7.2nd,GFP 7,GFP,ACT7,20.37771805,vigs_infiltrated,uninfested,2nd,fourteen
I.GFP.4.4th,GFP 4,GFP,UBQ7,23.75610374,vigs_infiltrated,uninfested,4th,twenty-one
I.GFP.4.4th,GFP 4,GFP,UBQ14,28.13445607,vigs_infiltrated,uninfested,4th,twenty-one
I.GFP.4.4th,GFP 4,GFP,TMN5,32.37688974,vigs_infiltrated,uninfested,4th,twenty-one
I.GFP.4.4th,GFP 4,GFP,TBL6,31.32161568,vigs_infiltrated,uninfested,4th,twenty-one
I.GFP.4.4th,GFP 4,GFP,PP2A1,29.18399446,vigs_infiltrated,uninfested,4th,twenty-one
I.GFP.4.4th,GFP 4,GFP,HYD1,30.22429573,vigs_infiltrated,uninfested,4th,twenty-one
I.GFP.4.4th,GFP 4,GFP,ACT7,22.88035385,vigs_infiltrated,uninfested,4th,twenty-one
I.GFP.3.2nd,GFP 3,GFP,UBQ7,23.6563703,vigs_infiltrated,uninfested,2nd,fourteen
I.GFP.3.2nd,GFP 3,GFP,UBQ14,28.12758637,vigs_infiltrated,uninfested,2nd,fourteen
I.GFP.3.2nd,GFP 3,GFP,TMN5,31.72777995,vigs_infiltrated,uninfested,2nd,fourteen
I.GFP.3.2nd,GFP 3,GFP,PP2A1,27.6014921,vigs_infiltrated,uninfested,2nd,fourteen
I.GFP.3.2nd,GFP 3,GFP,HYD1,29.37263565,vigs_infiltrated,uninfested,2nd,fourteen
I.GFP.3.2nd,GFP 3,GFP,ACT7,22.01933646,vigs_infiltrated,uninfested,2nd,fourteen
I.GFP.27.2nd,GFP 27,GFP,UBQ7,23.67132406,vigs_infiltrated,uninfested,2nd,fourteen
I.GFP.27.2nd,GFP 27,GFP,UBQ14,28.31971563,vigs_infiltrated,uninfested,2nd,fourteen
I.GFP.27.2nd,GFP 27,GFP,TMN5,31.87606424,vigs_infiltrated,uninfested,2nd,fourteen
I.GFP.27.2nd,GFP 27,GFP,PP2A1,27.98270131,vigs_infiltrated,uninfested,2nd,fourteen
I.GFP.27.2nd,GFP 27,GFP,HYD1,29.16945581,vigs_infiltrated,uninfested,2nd,fourteen
I.GFP.27.2nd,GFP 27,GFP,ACT7,22.30258402,vigs_infiltrated,uninfested,2nd,fourteen
I.GFP.27.4th,GFP 27,GFP,UBQ7,22.69101183,vigs_infiltrated,uninfested,4th,fourteen
I.GFP.27.4th,GFP 27,GFP,UBQ14,27.14437848,vigs_infiltrated,uninfested,4th,fourteen
I.GFP.27.4th,GFP 27,GFP,TMN5,31.18873411,vigs_infiltrated,uninfested,4th,fourteen
I.GFP.27.4th,GFP 27,GFP,PP2A1,26.78341924,vigs_infiltrated,uninfested,4th,fourteen
I.GFP.27.4th,GFP 27,GFP,HYD1,27.76644653,vigs_infiltrated,uninfested,4th,fourteen
I.GFP.27.4th,GFP 27,GFP,ACT7,21.17156622,vigs_infiltrated,uninfested,4th,fourteen
I.GFP.24.2nd,GFP 24,GFP,UBQ7,21.91841467,vigs_infiltrated,uninfested,2nd,twenty-one
I.GFP.24.2nd,GFP 24,GFP,UBQ14,26.98298322,vigs_infiltrated,uninfested,2nd,twenty-one
I.GFP.24.2nd,GFP 24,GFP,TMN5,30.46753478,vigs_infiltrated,uninfested,2nd,twenty-one
I.GFP.24.2nd,GFP 24,GFP,PP2A1,26.93619935,vigs_infiltrated,uninfested,2nd,twenty-one
I.GFP.24.2nd,GFP 24,GFP,HYD1,28.22553404,vigs_infiltrated,uninfested,2nd,twenty-one
I.GFP.24.2nd,GFP 24,GFP,ACT7,21.31140979,vigs_infiltrated,uninfested,2nd,twenty-one
I.GFP.23.2nd,GFP 23,GFP,UBQ7,20.4071865,vigs_infiltrated,uninfested,2nd,fourteen
I.GFP.23.2nd,GFP 23,GFP,UBQ14,25.56203498,vigs_infiltrated,uninfested,2nd,fourteen
I.GFP.23.2nd,GFP 23,GFP,TMN5,29.06213066,vigs_infiltrated,uninfested,2nd,fourteen
I.GFP.23.2nd,GFP 23,GFP,TBL6,29.08005991,vigs_infiltrated,uninfested,2nd,fourteen
I.GFP.23.2nd,GFP 23,GFP,PP2A1,26.12124151,vigs_infiltrated,uninfested,2nd,fourteen
I.GFP.23.2nd,GFP 23,GFP,HYD1,28.06554543,vigs_infiltrated,uninfested,2nd,fourteen
I.GFP.23.2nd,GFP 23,GFP,ACT7,19.53893456,vigs_infiltrated,uninfested,2nd,fourteen
I.GFP.19.2nd,GFP 19,GFP,UBQ7,22.42769354,vigs_infiltrated,uninfested,2nd,fourteen
I.GFP.19.2nd,GFP 19,GFP,UBQ14,26.35831933,vigs_infiltrated,uninfested,2nd,fourteen
I.GFP.19.2nd,GFP 19,GFP,TMN5,31.04432704,vigs_infiltrated,uninfested,2nd,fourteen
I.GFP.19.2nd,GFP 19,GFP,PP2A1,26.17206572,vigs_infiltrated,uninfested,2nd,fourteen
I.GFP.19.2nd,GFP 19,GFP,HYD1,27.93051164,vigs_infiltrated,uninfested,2nd,fourteen
I.GFP.19.2nd,GFP 19,GFP,ACT7,20.48244035,vigs_infiltrated,uninfested,2nd,fourteen
I.GFP.16.2nd,GFP 16,GFP,UBQ7,21.24501157,vigs_infiltrated,uninfested,2nd,twenty-one
I.GFP.16.2nd,GFP 16,GFP,TMN5,29.50480538,vigs_infiltrated,uninfested,2nd,twenty-one
I.GFP.16.2nd,GFP 16,GFP,PP2A1,26.51942906,vigs_infiltrated,uninfested,2nd,twenty-one
I.GFP.16.2nd,GFP 16,GFP,HYD1,27.24429757,vigs_infiltrated,uninfested,2nd,twenty-one
I.GFP.16.2nd,GFP 16,GFP,ACT7,20.40786468,vigs_infiltrated,uninfested,2nd,twenty-one
I.GFP.16.4th,GFP 16,GFP,UBQ7,25.22880766,vigs_infiltrated,uninfested,4th,twenty-one
I.GFP.16.4th,GFP 16,GFP,UBQ14,29.76931061,vigs_infiltrated,uninfested,4th,twenty-one
I.GFP.16.4th,GFP 16,GFP,TMN5,32.10753902,vigs_infiltrated,uninfested,4th,twenty-one
I.GFP.16.4th,GFP 16,GFP,PP2A1,29.85822513,vigs_infiltrated,uninfested,4th,twenty-one
I.GFP.16.4th,GFP 16,GFP,HYD1,30.48789831,vigs_infiltrated,uninfested,4th,twenty-one
I.GFP.16.4th,GFP 16,GFP,ACT7,23.06034004,vigs_infiltrated,uninfested,4th,twenty-one
I.GFP.15.2nd,GFP 15,GFP,UBQ7,22.81751061,vigs_infiltrated,uninfested,2nd,fourteen
I.GFP.15.2nd,GFP 15,GFP,UBQ14,27.467267,vigs_infiltrated,uninfested,2nd,fourteen
I.GFP.15.2nd,GFP 15,GFP,TMN5,31.26662846,vigs_infiltrated,uninfested,2nd,fourteen
I.GFP.15.2nd,GFP 15,GFP,TBL6,31.32819899,vigs_infiltrated,uninfested,2nd,fourteen
I.GFP.15.2nd,GFP 15,GFP,PP2A1,27.6873656,vigs_infiltrated,uninfested,2nd,fourteen
I.GFP.15.2nd,GFP 15,GFP,ACT7,21.32090511,vigs_infiltrated,uninfested,2nd,fourteen
I.GFP.12.2nd,GFP 12,GFP,UBQ7,20.82370828,vigs_infiltrated,uninfested,2nd,twenty-one
I.GFP.12.2nd,GFP 12,GFP,UBQ14,26.41308454,vigs_infiltrated,uninfested,2nd,twenty-one
I.GFP.12.2nd,GFP 12,GFP,TMN5,29.02904252,vigs_infiltrated,uninfested,2nd,twenty-one
I.GFP.12.2nd,GFP 12,GFP,TBL6,30.2049287,vigs_infiltrated,uninfested,2nd,twenty-one
I.GFP.12.2nd,GFP 12,GFP,PP2A1,26.6347347,vigs_infiltrated,uninfested,2nd,twenty-one
I.GFP.12.2nd,GFP 12,GFP,HYD1,28.01656992,vigs_infiltrated,uninfested,2nd,twenty-one
I.GFP.12.2nd,GFP 12,GFP,ACT7,21.2885002,vigs_infiltrated,uninfested,2nd,twenty-one
I.GFP.11.2nd,GFP 11,GFP,UBQ7,26.15237146,vigs_infiltrated,uninfested,2nd,fourteen
I.GFP.11.2nd,GFP 11,GFP,UBQ14,21.7484386,vigs_infiltrated,uninfested,2nd,fourteen
I.GFP.11.2nd,GFP 11,GFP,TMN5,30.07201352,vigs_infiltrated,uninfested,2nd,fourteen
I.GFP.11.2nd,GFP 11,GFP,TBL6,29.79733398,vigs_infiltrated,uninfested,2nd,fourteen
I.GFP.11.2nd,GFP 11,GFP,PP2A1,26.17805129,vigs_infiltrated,uninfested,2nd,fourteen
I.GFP.11.2nd,GFP 11,GFP,HYD1,27.47270415,vigs_infiltrated,uninfested,2nd,fourteen
I.GFP.11.2nd,GFP 11,GFP,ACT7,20.23966976,vigs_infiltrated,uninfested,2nd,fourteen
I.GFP.11.4th,GFP 11,GFP,UBQ7,21.89596462,vigs_infiltrated,uninfested,4th,fourteen
I.GFP.11.4th,GFP 11,GFP,UBQ14,25.61984813,vigs_infiltrated,uninfested,4th,fourteen
I.GFP.11.4th,GFP 11,GFP,TMN5,28.76237441,vigs_infiltrated,uninfested,4th,fourteen
I.GFP.11.4th,GFP 11,GFP,TBL6,29.56686944,vigs_infiltrated,uninfested,4th,fourteen
I.GFP.11.4th,GFP 11,GFP,PP2A1,25.89720253,vigs_infiltrated,uninfested,4th,fourteen
I.GFP.11.4th,GFP 11,GFP,HYD1,26.79758171,vigs_infiltrated,uninfested,4th,fourteen
I.GFP.11.4th,GFP 11,GFP,ACT7,20.12914905,vigs_infiltrated,uninfested,4th,fourteen
I.Unif.8.4th,Unif 8,none,UBQ7,20.53231219,uninfiltrated,uninfested,4th,twenty-one
I.Unif.8.4th,Unif 8,none,UBQ14,26.07875595,uninfiltrated,uninfested,4th,twenty-one
I.Unif.8.4th,Unif 8,none,TMN5,29.06194433,uninfiltrated,uninfested,4th,twenty-one
I.Unif.8.4th,Unif 8,none,TBL6,29.62754638,uninfiltrated,uninfested,4th,twenty-one
I.Unif.8.4th,Unif 8,none,PP2A1,26.32259919,uninfiltrated,uninfested,4th,twenty-one
I.Unif.8.4th,Unif 8,none,HYD1,26.47470309,uninfiltrated,uninfested,4th,twenty-one
I.Unif.8.4th,Unif 8,none,ACT7,20.79939787,uninfiltrated,uninfested,4th,twenty-one
I.Unif.3.4th,Unif 3,none,UBQ14,25.41222365,uninfiltrated,uninfested,4th,fourteen
I.Unif.3.4th,Unif 3,none,TMN5,28.60729578,uninfiltrated,uninfested,4th,fourteen
I.Unif.3.4th,Unif 3,none,TBL6,30.20711056,uninfiltrated,uninfested,4th,fourteen
I.Unif.3.4th,Unif 3,none,PP2A1,25.93775937,uninfiltrated,uninfested,4th,fourteen
I.Unif.3.4th,Unif 3,none,HYD1,26.44245705,uninfiltrated,uninfested,4th,fourteen
I.Unif.3.4th,Unif 3,none,ACT7,19.63101849,uninfiltrated,uninfested,4th,fourteen
I.Unif.24.4th,Unif 24,none,UBQ7,26.61473348,uninfiltrated,uninfested,4th,twenty-one
I.Unif.24.4th,Unif 24,none,UBQ14,22.92080155,uninfiltrated,uninfested,4th,twenty-one
I.Unif.24.4th,Unif 24,none,TMN5,30.35521426,uninfiltrated,uninfested,4th,twenty-one
I.Unif.24.4th,Unif 24,none,TBL6,29.62343321,uninfiltrated,uninfested,4th,twenty-one
I.Unif.24.4th,Unif 24,none,PP2A1,27.71922051,uninfiltrated,uninfested,4th,twenty-one
I.Unif.24.4th,Unif 24,none,HYD1,26.37025672,uninfiltrated,uninfested,4th,twenty-one
I.Unif.24.4th,Unif 24,none,ACT7,21.23007123,uninfiltrated,uninfested,4th,twenty-one
I.Unif.20.4th,Unif 20,none,UBQ7,30.49432148,uninfiltrated,uninfested,4th,twenty-one
I.Unif.20.4th,Unif 20,none,TMN5,34.69964513,uninfiltrated,uninfested,4th,twenty-one
I.Unif.20.4th,Unif 20,none,PP2A1,35.08467841,uninfiltrated,uninfested,4th,twenty-one
I.Unif.20.4th,Unif 20,none,HYD1,32.07683617,uninfiltrated,uninfested,4th,twenty-one
I.Unif.20.4th,Unif 20,none,ACT7,30.92825118,uninfiltrated,uninfested,4th,twenty-one
I.Unif.16.2ndd,Unif 16,none,UBQ7,24.04246833,uninfiltrated,uninfested,2ndd,twenty-one
I.Unif.16.2ndd,Unif 16,none,UBQ14,28.39177741,uninfiltrated,uninfested,2ndd,twenty-one
I.Unif.16.2ndd,Unif 16,none,TMN5,32.16554678,uninfiltrated,uninfested,2ndd,twenty-one
I.Unif.16.2ndd,Unif 16,none,PP2A1,29.07250029,uninfiltrated,uninfested,2ndd,twenty-one
I.Unif.16.2ndd,Unif 16,none,HYD1,29.6939417,uninfiltrated,uninfested,2ndd,twenty-one
I.Unif.16.2ndd,Unif 16,none,ACT7,23.2525637,uninfiltrated,uninfested,2ndd,twenty-one
I.Unif.16.4th,Unif 16,none,UBQ7,34.38398996,uninfiltrated,uninfested,4th,twenty-one
I.Unif.16.4th,Unif 16,none,UBQ14,29.2070065,uninfiltrated,uninfested,4th,twenty-one
I.Unif.16.4th,Unif 16,none,PP2A1,32.16813005,uninfiltrated,uninfested,4th,twenty-one
I.Unif.16.4th,Unif 16,none,HYD1,32.54166891,uninfiltrated,uninfested,4th,twenty-one
I.Unif.16.4th,Unif 16,none,ACT7,26.61577042,uninfiltrated,uninfested,4th,twenty-one
I.Unif.15.4th,Unif 15,none,UBQ14,25.02332921,uninfiltrated,uninfested,4th,fourteen
I.Unif.15.4th,Unif 15,none,TMN5,28.45967239,uninfiltrated,uninfested,4th,fourteen
I.Unif.15.4th,Unif 15,none,TBL6,27.73433107,uninfiltrated,uninfested,4th,fourteen
I.Unif.15.4th,Unif 15,none,PP2A1,24.93415583,uninfiltrated,uninfested,4th,fourteen
I.Unif.15.4th,Unif 15,none,HYD1,25.80934657,uninfiltrated,uninfested,4th,fourteen
I.Unif.15.4th,Unif 15,none,ACT7,19.38946544,uninfiltrated,uninfested,4th,fourteen
I.Unif.11.4th,Unif 11,none,UBQ7,29.08797533,uninfiltrated,uninfested,4th,fourteen
I.Unif.11.4th,Unif 11,none,UBQ14,24.58145639,uninfiltrated,uninfested,4th,fourteen
I.Unif.11.4th,Unif 11,none,TMN5,29.02818336,uninfiltrated,uninfested,4th,fourteen
I.Unif.11.4th,Unif 11,none,TBL6,30.35787189,uninfiltrated,uninfested,4th,fourteen
I.Unif.11.4th,Unif 11,none,PP2A1,28.85494298,uninfiltrated,uninfested,4th,fourteen
I.Unif.11.4th,Unif 11,none,HYD1,28.39497764,uninfiltrated,uninfested,4th,fourteen
I.Unif.11.4th,Unif 11,none,ACT7,21.44313193,uninfiltrated,uninfested,4th,fourteen
I.HYD.8.2nd,HYD 8,HYD1,UBQ7,22.21943093,vigs_infiltrated,uninfested,2nd,twenty-one
I.HYD.8.2nd,HYD 8,HYD1,UBQ14,26.70754439,vigs_infiltrated,uninfested,2nd,twenty-one
I.HYD.8.2nd,HYD 8,HYD1,TMN5,30.74860766,vigs_infiltrated,uninfested,2nd,twenty-one
I.HYD.8.2nd,HYD 8,HYD1,TBL6,29.00070023,vigs_infiltrated,uninfested,2nd,twenty-one
I.HYD.8.2nd,HYD 8,HYD1,PP2A1,27.8147402,vigs_infiltrated,uninfested,2nd,twenty-one
I.HYD.8.2nd,HYD 8,HYD1,HYD1,29.6920111,vigs_infiltrated,uninfested,2nd,twenty-one
I.HYD.8.2nd,HYD 8,HYD1,ACT7,21.33189081,vigs_infiltrated,uninfested,2nd,twenty-one
I.HYD.7.2nd,HYD 7,HYD1,UBQ14,26.59453746,vigs_infiltrated,uninfested,2nd,fourteen
I.HYD.7.2nd,HYD 7,HYD1,TMN5,30.23294204,vigs_infiltrated,uninfested,2nd,fourteen
I.HYD.7.2nd,HYD 7,HYD1,TBL6,29.19128385,vigs_infiltrated,uninfested,2nd,fourteen
I.HYD.7.2nd,HYD 7,HYD1,PP2A1,26.21096374,vigs_infiltrated,uninfested,2nd,fourteen
I.HYD.7.2nd,HYD 7,HYD1,HYD1,30.16107014,vigs_infiltrated,uninfested,2nd,fourteen
I.HYD.7.2nd,HYD 7,HYD1,ACT7,20.52056957,vigs_infiltrated,uninfested,2nd,fourteen
I.HYD.4.2nd,HYD 4,HYD1,UBQ7,26.99254452,vigs_infiltrated,uninfested,2nd,twenty-one
I.HYD.4.2nd,HYD 4,HYD1,UBQ14,22.59993862,vigs_infiltrated,uninfested,2nd,twenty-one
I.HYD.4.2nd,HYD 4,HYD1,TMN5,29.94437184,vigs_infiltrated,uninfested,2nd,twenty-one
I.HYD.4.2nd,HYD 4,HYD1,TBL6,30.93057763,vigs_infiltrated,uninfested,2nd,twenty-one
I.HYD.4.2nd,HYD 4,HYD1,PP2A1,27.9807059,vigs_infiltrated,uninfested,2nd,twenty-one
I.HYD.4.2nd,HYD 4,HYD1,HYD1,28.1316548,vigs_infiltrated,uninfested,2nd,twenty-one
I.HYD.4.2nd,HYD 4,HYD1,ACT7,21.42555312,vigs_infiltrated,uninfested,2nd,twenty-one
I.HYD.4.4th,HYD 4,HYD1,UBQ7,28.11442319,vigs_infiltrated,uninfested,4th,twenty-one
I.HYD.4.4th,HYD 4,HYD1,UBQ14,23.69482281,vigs_infiltrated,uninfested,4th,twenty-one
I.HYD.4.4th,HYD 4,HYD1,TMN5,30.67068371,vigs_infiltrated,uninfested,4th,twenty-one
I.HYD.4.4th,HYD 4,HYD1,PP2A1,28.42815588,vigs_infiltrated,uninfested,4th,twenty-one
I.HYD.4.4th,HYD 4,HYD1,HYD1,30.07067005,vigs_infiltrated,uninfested,4th,twenty-one
I.HYD.4.4th,HYD 4,HYD1,ACT7,22.07515365,vigs_infiltrated,uninfested,4th,twenty-one
I.HYD.3.2nd,HYD 3,HYD1,UBQ7,22.43735241,vigs_infiltrated,uninfested,2nd,fourteen
I.HYD.3.2nd,HYD 3,HYD1,UBQ14,27.08542915,vigs_infiltrated,uninfested,2nd,fourteen
I.HYD.3.2nd,HYD 3,HYD1,TMN5,31.0001288,vigs_infiltrated,uninfested,2nd,fourteen
I.HYD.3.2nd,HYD 3,HYD1,PP2A1,26.83189944,vigs_infiltrated,uninfested,2nd,fourteen
I.HYD.3.2nd,HYD 3,HYD1,HYD1,30.89993034,vigs_infiltrated,uninfested,2nd,fourteen
I.HYD.3.2nd,HYD 3,HYD1,ACT7,20.80651584,vigs_infiltrated,uninfested,2nd,fourteen
I.HYD.3.4th,HYD 3,HYD1,UBQ7,34.3566803,vigs_infiltrated,uninfested,4th,fourteen
I.HYD.3.4th,HYD 3,HYD1,UBQ14,31.11571058,vigs_infiltrated,uninfested,4th,fourteen
I.HYD.3.4th,HYD 3,HYD1,TMN5,34.44463362,vigs_infiltrated,uninfested,4th,fourteen
I.HYD.3.4th,HYD 3,HYD1,PP2A1,33.58223479,vigs_infiltrated,uninfested,4th,fourteen
I.HYD.3.4th,HYD 3,HYD1,HYD1,35.24957129,vigs_infiltrated,uninfested,4th,fourteen
I.HYD.3.4th,HYD 3,HYD1,ACT7,25.75131854,vigs_infiltrated,uninfested,4th,fourteen
I.HYD.28.2nd,HYD 28,HYD1,UBQ7,22.48315471,vigs_infiltrated,uninfested,2nd,twenty-one
I.HYD.28.2nd,HYD 28,HYD1,UBQ14,27.03071727,vigs_infiltrated,uninfested,2nd,twenty-one
I.HYD.28.2nd,HYD 28,HYD1,TMN5,30.74387265,vigs_infiltrated,uninfested,2nd,twenty-one
I.HYD.28.2nd,HYD 28,HYD1,PP2A1,26.8053916,vigs_infiltrated,uninfested,2nd,twenty-one
I.HYD.28.2nd,HYD 28,HYD1,HYD1,30.1216258,vigs_infiltrated,uninfested,2nd,twenty-one
I.HYD.28.2nd,HYD 28,HYD1,ACT7,21.85235478,vigs_infiltrated,uninfested,2nd,twenty-one
I.HYD.28.4th,HYD 28,HYD1,UBQ7,24.02657218,vigs_infiltrated,uninfested,4th,twenty-one
I.HYD.28.4th,HYD 28,HYD1,UBQ14,29.9315507,vigs_infiltrated,uninfested,4th,twenty-one
I.HYD.28.4th,HYD 28,HYD1,TMN5,32.67516603,vigs_infiltrated,uninfested,4th,twenty-one
I.HYD.28.4th,HYD 28,HYD1,PP2A1,29.57893982,vigs_infiltrated,uninfested,4th,twenty-one
I.HYD.28.4th,HYD 28,HYD1,HYD1,30.5582787,vigs_infiltrated,uninfested,4th,twenty-one
I.HYD.28.4th,HYD 28,HYD1,ACT7,23.70109786,vigs_infiltrated,uninfested,4th,twenty-one
I.HYD.27.2nd,HYD 27,HYD1,UBQ7,21.48470155,vigs_infiltrated,uninfested,2nd,fourteen
I.HYD.27.2nd,HYD 27,HYD1,UBQ14,26.20262587,vigs_infiltrated,uninfested,2nd,fourteen
I.HYD.27.2nd,HYD 27,HYD1,TMN5,29.8364331,vigs_infiltrated,uninfested,2nd,fourteen
I.HYD.27.2nd,HYD 27,HYD1,PP2A1,26.53782914,vigs_infiltrated,uninfested,2nd,fourteen
I.HYD.27.2nd,HYD 27,HYD1,HYD1,28.71886767,vigs_infiltrated,uninfested,2nd,fourteen
I.HYD.27.2nd,HYD 27,HYD1,ACT7,20.26594755,vigs_infiltrated,uninfested,2nd,fourteen
I.HYD.27.4th,HYD 27,HYD1,UBQ7,21.46588169,vigs_infiltrated,uninfested,4th,fourteen
I.HYD.27.4th,HYD 27,HYD1,UBQ14,27.30161221,vigs_infiltrated,uninfested,4th,fourteen
I.HYD.27.4th,HYD 27,HYD1,TMN5,30.65467793,vigs_infiltrated,uninfested,4th,fourteen
I.HYD.27.4th,HYD 27,HYD1,PP2A1,26.23564745,vigs_infiltrated,uninfested,4th,fourteen
I.HYD.27.4th,HYD 27,HYD1,HYD1,29.37607742,vigs_infiltrated,uninfested,4th,fourteen
I.HYD.27.4th,HYD 27,HYD1,ACT7,20.67036651,vigs_infiltrated,uninfested,4th,fourteen
I.HYD.24.2nd,HYD 24,HYD1,UBQ7,21.56038375,vigs_infiltrated,uninfested,2nd,twenty-one
I.HYD.24.2nd,HYD 24,HYD1,UBQ14,26.46356706,vigs_infiltrated,uninfested,2nd,twenty-one
I.HYD.24.2nd,HYD 24,HYD1,TMN5,30.00168945,vigs_infiltrated,uninfested,2nd,twenty-one
I.HYD.24.2nd,HYD 24,HYD1,TBL6,30.56690861,vigs_infiltrated,uninfested,2nd,twenty-one
I.HYD.24.2nd,HYD 24,HYD1,PP2A1,28.09875649,vigs_infiltrated,uninfested,2nd,twenty-one
I.HYD.24.2nd,HYD 24,HYD1,HYD1,30.77399547,vigs_infiltrated,uninfested,2nd,twenty-one
I.HYD.24.2nd,HYD 24,HYD1,ACT7,20.91515225,vigs_infiltrated,uninfested,2nd,twenty-one
I.HYD.23.2nd,HYD 23,HYD1,UBQ7,21.63369145,vigs_infiltrated,uninfested,2nd,fourteen
I.HYD.23.2nd,HYD 23,HYD1,UBQ14,26.96104803,vigs_infiltrated,uninfested,2nd,fourteen
I.HYD.23.2nd,HYD 23,HYD1,TBL6,31.11991024,vigs_infiltrated,uninfested,2nd,fourteen
I.HYD.23.2nd,HYD 23,HYD1,PP2A1,27.1150384,vigs_infiltrated,uninfested,2nd,fourteen
I.HYD.23.2nd,HYD 23,HYD1,HYD1,30.82022631,vigs_infiltrated,uninfested,2nd,fourteen
I.HYD.23.2nd,HYD 23,HYD1,ACT7,20.2952616,vigs_infiltrated,uninfested,2nd,fourteen
I.HYD.23.4th,HYD 23,HYD1,UBQ14,25.13596661,vigs_infiltrated,uninfested,4th,fourteen
I.HYD.23.4th,HYD 23,HYD1,TMN5,28.35753129,vigs_infiltrated,uninfested,4th,fourteen
I.HYD.23.4th,HYD 23,HYD1,TBL6,27.93962733,vigs_infiltrated,uninfested,4th,fourteen
I.HYD.23.4th,HYD 23,HYD1,PP2A1,25.31235698,vigs_infiltrated,uninfested,4th,fourteen
I.HYD.23.4th,HYD 23,HYD1,HYD1,28.31657789,vigs_infiltrated,uninfested,4th,fourteen
I.HYD.23.4th,HYD 23,HYD1,ACT7,19.5600425,vigs_infiltrated,uninfested,4th,fourteen
I.HYD.20.2nd,HYD 20,HYD1,UBQ7,23.599437,vigs_infiltrated,uninfested,2nd,twenty-one
I.HYD.20.2nd,HYD 20,HYD1,UBQ14,28.27459285,vigs_infiltrated,uninfested,2nd,twenty-one
I.HYD.20.2nd,HYD 20,HYD1,TMN5,32.37040812,vigs_infiltrated,uninfested,2nd,twenty-one
I.HYD.20.2nd,HYD 20,HYD1,PP2A1,28.88718227,vigs_infiltrated,uninfested,2nd,twenty-one
I.HYD.20.2nd,HYD 20,HYD1,HYD1,30.38308369,vigs_infiltrated,uninfested,2nd,twenty-one
I.HYD.20.2nd,HYD 20,HYD1,ACT7,23.00627115,vigs_infiltrated,uninfested,2nd,twenty-one
I.HYD.20.4th,HYD 20,HYD1,UBQ7,33.2920555,vigs_infiltrated,uninfested,4th,twenty-one
I.HYD.20.4th,HYD 20,HYD1,UBQ14,30.01454035,vigs_infiltrated,uninfested,4th,twenty-one
I.HYD.20.4th,HYD 20,HYD1,TMN5,36.99980864,vigs_infiltrated,uninfested,4th,twenty-one
I.HYD.20.4th,HYD 20,HYD1,PP2A1,34.57227111,vigs_infiltrated,uninfested,4th,twenty-one
I.HYD.20.4th,HYD 20,HYD1,ACT7,27.38924767,vigs_infiltrated,uninfested,4th,twenty-one
I.HYD.19.4th,HYD 19,HYD1,UBQ7,23.57627173,vigs_infiltrated,uninfested,4th,fourteen
I.HYD.19.4th,HYD 19,HYD1,UBQ14,28.95283377,vigs_infiltrated,uninfested,4th,fourteen
I.HYD.19.4th,HYD 19,HYD1,TMN5,31.95114379,vigs_infiltrated,uninfested,4th,fourteen
I.HYD.19.4th,HYD 19,HYD1,PP2A1,27.53430733,vigs_infiltrated,uninfested,4th,fourteen
I.HYD.19.4th,HYD 19,HYD1,HYD1,31.95237387,vigs_infiltrated,uninfested,4th,fourteen
I.HYD.19.4th,HYD 19,HYD1,ACT7,21.6732732,vigs_infiltrated,uninfested,4th,fourteen
I.HYD.16.2nd,HYD 16,HYD1,UBQ7,21.69733422,vigs_infiltrated,uninfested,2nd,twenty-one
I.HYD.16.2nd,HYD 16,HYD1,UBQ14,26.3346755,vigs_infiltrated,uninfested,2nd,twenty-one
I.HYD.16.2nd,HYD 16,HYD1,TMN5,30.42678817,vigs_infiltrated,uninfested,2nd,twenty-one
I.HYD.16.2nd,HYD 16,HYD1,TBL6,28.87776528,vigs_infiltrated,uninfested,2nd,twenty-one
I.HYD.16.2nd,HYD 16,HYD1,PP2A1,27.13671352,vigs_infiltrated,uninfested,2nd,twenty-one
I.HYD.16.2nd,HYD 16,HYD1,HYD1,29.83071064,vigs_infiltrated,uninfested,2nd,twenty-one
I.HYD.16.2nd,HYD 16,HYD1,ACT7,21.38219891,vigs_infiltrated,uninfested,2nd,twenty-one
I.HYD.15.2nd,HYD 15,HYD1,UBQ7,22.09951859,vigs_infiltrated,uninfested,2nd,fourteen
I.HYD.15.2nd,HYD 15,HYD1,UBQ14,26.08749759,vigs_infiltrated,uninfested,2nd,fourteen
I.HYD.15.2nd,HYD 15,HYD1,TMN5,30.3509848,vigs_infiltrated,uninfested,2nd,fourteen
I.HYD.15.2nd,HYD 15,HYD1,TBL6,29.74953278,vigs_infiltrated,uninfested,2nd,fourteen
I.HYD.15.2nd,HYD 15,HYD1,PP2A1,26.61903659,vigs_infiltrated,uninfested,2nd,fourteen
I.HYD.15.2nd,HYD 15,HYD1,HYD1,29.3109237,vigs_infiltrated,uninfested,2nd,fourteen
I.HYD.15.2nd,HYD 15,HYD1,ACT7,20.55656208,vigs_infiltrated,uninfested,2nd,fourteen
I.HYD.15.4th,HYD 15,HYD1,UBQ7,21.89403197,vigs_infiltrated,uninfested,4th,fourteen
I.HYD.15.4th,HYD 15,HYD1,UBQ14,27.017034,vigs_infiltrated,uninfested,4th,fourteen
I.HYD.15.4th,HYD 15,HYD1,TMN5,29.5055596,vigs_infiltrated,uninfested,4th,fourteen
I.HYD.15.4th,HYD 15,HYD1,PP2A1,26.1623481,vigs_infiltrated,uninfested,4th,fourteen
I.HYD.15.4th,HYD 15,HYD1,HYD1,27.97137857,vigs_infiltrated,uninfested,4th,fourteen
I.HYD.15.4th,HYD 15,HYD1,ACT7,20.40135032,vigs_infiltrated,uninfested,4th,fourteen
I.HYD.12.2nd,HYD 12,HYD1,UBQ7,26.21966151,vigs_infiltrated,uninfested,2nd,twenty-one
I.HYD.12.2nd,HYD 12,HYD1,UBQ14,21.62813499,vigs_infiltrated,uninfested,2nd,twenty-one
I.HYD.12.2nd,HYD 12,HYD1,TMN5,30.33316302,vigs_infiltrated,uninfested,2nd,twenty-one
I.HYD.12.2nd,HYD 12,HYD1,TBL6,29.61704909,vigs_infiltrated,uninfested,2nd,twenty-one
I.HYD.12.2nd,HYD 12,HYD1,PP2A1,27.05202604,vigs_infiltrated,uninfested,2nd,twenty-one
I.HYD.12.2nd,HYD 12,HYD1,HYD1,30.16349455,vigs_infiltrated,uninfested,2nd,twenty-one
I.HYD.12.2nd,HYD 12,HYD1,ACT7,21.27638054,vigs_infiltrated,uninfested,2nd,twenty-one
I.HYD.12.4th,HYD 12,HYD1,UBQ7,29.66758194,vigs_infiltrated,uninfested,4th,twenty-one
I.HYD.12.4th,HYD 12,HYD1,UBQ14,33.67470646,vigs_infiltrated,uninfested,4th,twenty-one
I.HYD.12.4th,HYD 12,HYD1,PP2A1,33.874007,vigs_infiltrated,uninfested,4th,twenty-one
I.HYD.12.4th,HYD 12,HYD1,ACT7,28.42866688,vigs_infiltrated,uninfested,4th,twenty-one
I.HYD.11.2nd,HYD 11,HYD1,UBQ7,32.16176452,vigs_infiltrated,uninfested,2nd,fourteen
I.HYD.11.2nd,HYD 11,HYD1,UBQ14,27.39393634,vigs_infiltrated,uninfested,2nd,fourteen
I.HYD.11.2nd,HYD 11,HYD1,TMN5,33.02934884,vigs_infiltrated,uninfested,2nd,fourteen
I.HYD.11.2nd,HYD 11,HYD1,TBL6,34.82214044,vigs_infiltrated,uninfested,2nd,fourteen
I.HYD.11.2nd,HYD 11,HYD1,PP2A1,30.75427415,vigs_infiltrated,uninfested,2nd,fourteen
I.HYD.11.2nd,HYD 11,HYD1,ACT7,23.02720544,vigs_infiltrated,uninfested,2nd,fourteen
I.HYD.11.4th,HYD 11,HYD1,UBQ7,27.87703081,vigs_infiltrated,uninfested,4th,fourteen
I.HYD.11.4th,HYD 11,HYD1,UBQ14,23.42408997,vigs_infiltrated,uninfested,4th,fourteen
I.HYD.11.4th,HYD 11,HYD1,TMN5,32.98136542,vigs_infiltrated,uninfested,4th,fourteen
I.HYD.11.4th,HYD 11,HYD1,TBL6,32.15465798,vigs_infiltrated,uninfested,4th,fourteen
I.HYD.11.4th,HYD 11,HYD1,PP2A1,28.13402925,vigs_infiltrated,uninfested,4th,fourteen
I.HYD.11.4th,HYD 11,HYD1,HYD1,31.37750714,vigs_infiltrated,uninfested,4th,fourteen
I.HYD.11.4th,HYD 11,HYD1,ACT7,21.67797103,vigs_infiltrated,uninfested,4th,fourteen
I.GFP.8.2nd,GFP 8,GFP,UBQ7,23.51347916,vigs_infiltrated,uninfested,2nd,twenty-one
I.GFP.8.2nd,GFP 8,GFP,UBQ14,28.47011684,vigs_infiltrated,uninfested,2nd,twenty-one
I.GFP.8.2nd,GFP 8,GFP,TMN5,32.14633459,vigs_infiltrated,uninfested,2nd,twenty-one
I.GFP.8.2nd,GFP 8,GFP,PP2A1,28.85201737,vigs_infiltrated,uninfested,2nd,twenty-one
I.GFP.8.2nd,GFP 8,GFP,HYD1,29.93346837,vigs_infiltrated,uninfested,2nd,twenty-one
I.GFP.8.2nd,GFP 8,GFP,ACT7,22.72345293,vigs_infiltrated,uninfested,2nd,twenty-one
I.GFP.7.4th,GFP 7,GFP,UBQ14,29.38487307,vigs_infiltrated,uninfested,4th,fourteen
I.GFP.7.4th,GFP 7,GFP,TMN5,32.11891584,vigs_infiltrated,uninfested,4th,fourteen
I.GFP.7.4th,GFP 7,GFP,TBL6,32.61854972,vigs_infiltrated,uninfested,4th,fourteen
I.GFP.7.4th,GFP 7,GFP,PP2A1,28.28958601,vigs_infiltrated,uninfested,4th,fourteen
I.GFP.7.4th,GFP 7,GFP,HYD1,29.8799614,vigs_infiltrated,uninfested,4th,fourteen
I.GFP.7.4th,GFP 7,GFP,ACT7,22.35163786,vigs_infiltrated,uninfested,4th,fourteen
I.GFP.4.2nd,GFP 4,GFP,UBQ7,21.45745965,vigs_infiltrated,uninfested,2nd,twenty-one
I.GFP.4.2nd,GFP 4,GFP,UBQ14,26.10601514,vigs_infiltrated,uninfested,2nd,twenty-one
I.GFP.4.2nd,GFP 4,GFP,TMN5,30.19050477,vigs_infiltrated,uninfested,2nd,twenty-one
I.GFP.4.2nd,GFP 4,GFP,TBL6,29.48582372,vigs_infiltrated,uninfested,2nd,twenty-one
I.GFP.4.2nd,GFP 4,GFP,PP2A1,27.4381851,vigs_infiltrated,uninfested,2nd,twenty-one
I.GFP.4.2nd,GFP 4,GFP,HYD1,28.64730948,vigs_infiltrated,uninfested,2nd,twenty-one
I.GFP.4.2nd,GFP 4,GFP,ACT7,21.33458038,vigs_infiltrated,uninfested,2nd,twenty-one
I.GFP.3.4th,GFP 3,GFP,UBQ7,29.80158527,vigs_infiltrated,uninfested,4th,fourteen
I.GFP.3.4th,GFP 3,GFP,UBQ14,26.60634761,vigs_infiltrated,uninfested,4th,fourteen
I.GFP.3.4th,GFP 3,GFP,TMN5,31.30853831,vigs_infiltrated,uninfested,4th,fourteen
I.GFP.3.4th,GFP 3,GFP,TBL6,32.51633912,vigs_infiltrated,uninfested,4th,fourteen
I.GFP.3.4th,GFP 3,GFP,PP2A1,29.52694415,vigs_infiltrated,uninfested,4th,fourteen
I.GFP.3.4th,GFP 3,GFP,HYD1,30.17041083,vigs_infiltrated,uninfested,4th,fourteen
I.GFP.3.4th,GFP 3,GFP,ACT7,21.55990409,vigs_infiltrated,uninfested,4th,fourteen
I.GFP.28.2nd,GFP 28,GFP,UBQ7,24.26814679,vigs_infiltrated,uninfested,2nd,twenty-one
I.GFP.28.2nd,GFP 28,GFP,UBQ14,29.01101597,vigs_infiltrated,uninfested,2nd,twenty-one
I.GFP.28.2nd,GFP 28,GFP,TMN5,33.30293416,vigs_infiltrated,uninfested,2nd,twenty-one
I.GFP.28.2nd,GFP 28,GFP,TBL6,31.38230495,vigs_infiltrated,uninfested,2nd,twenty-one
I.GFP.28.2nd,GFP 28,GFP,PP2A1,29.4491331,vigs_infiltrated,uninfested,2nd,twenty-one
I.GFP.28.2nd,GFP 28,GFP,HYD1,30.64577811,vigs_infiltrated,uninfested,2nd,twenty-one
I.GFP.28.2nd,GFP 28,GFP,ACT7,23.87479838,vigs_infiltrated,uninfested,2nd,twenty-one
I.GFP.20.2nd,GFP 20,GFP,UBQ7,20.42254377,vigs_infiltrated,uninfested,2nd,twenty-one
I.GFP.20.2nd,GFP 20,GFP,UBQ14,25.42157441,vigs_infiltrated,uninfested,2nd,twenty-one
I.GFP.20.2nd,GFP 20,GFP,TMN5,30.14956481,vigs_infiltrated,uninfested,2nd,twenty-one
I.GFP.20.2nd,GFP 20,GFP,TBL6,28.04668659,vigs_infiltrated,uninfested,2nd,twenty-one
I.GFP.20.2nd,GFP 20,GFP,PP2A1,26.13905116,vigs_infiltrated,uninfested,2nd,twenty-one
I.GFP.20.2nd,GFP 20,GFP,HYD1,27.46027175,vigs_infiltrated,uninfested,2nd,twenty-one
I.GFP.20.2nd,GFP 20,GFP,ACT7,20.21845789,vigs_infiltrated,uninfested,2nd,twenty-one
I.GFP.20.4th,GFP 20,GFP,UBQ7,22.97502638,vigs_infiltrated,uninfested,4th,twenty-one
I.GFP.20.4th,GFP 20,GFP,TBL6,33.38905983,vigs_infiltrated,uninfested,4th,twenty-one
I.GFP.19.4th,GFP 19,GFP,UBQ14,31.40015118,vigs_infiltrated,uninfested,4th,fourteen
I.GFP.19.4th,GFP 19,GFP,PP2A1,33.26729052,vigs_infiltrated,uninfested,4th,fourteen
I.GFP.19.4th,GFP 19,GFP,ACT7,27.10467838,vigs_infiltrated,uninfested,4th,fourteen