Target,Sample,Cq
ACT7,I_GFP.3.2nd,21.86742889
ACT7,I_GFP.3.2nd,22.0174969
ACT7,I_GFP.3.2nd,22.02117602
TMN5,I_GFP.3.2nd,31.73715365
TMN5,I_GFP.3.2nd,31.27515974
TMN5,I_GFP.3.2nd,31.71840625
PP2A1,I_GFP.3.2nd,27.89464326
PP2A1,I_GFP.3.2nd,27.69728854
PP2A1,I_GFP.3.2nd,27.50569565
TBL6,I_GFP.3.2nd,NaN
TBL6,I_GFP.3.2nd,NaN
TBL6,I_GFP.3.2nd,NaN
UBQ7,I_GFP.3.2nd,23.44272624
UBQ7,I_GFP.3.2nd,23.61523295
UBQ7,I_GFP.3.2nd,23.69750764
UBQ14,I_GFP.3.2nd,27.87081677
UBQ14,I_GFP.3.2nd,28.08156833
UBQ14,I_GFP.3.2nd,28.1736044
HYD1,I_GFP.3.2nd,29.30315998
HYD1,I_GFP.3.2nd,29.44211131
HYD1,I_GFP.3.2nd,29.12715656
ACT7,I.GFP.10.2nd,19.69993728
ACT7,I.GFP.10.2nd,19.70937632
ACT7,I.GFP.10.2nd,19.75067073
TMN5,I.GFP.10.2nd,27.71759531
TMN5,I.GFP.10.2nd,27.71191043
TMN5,I.GFP.10.2nd,27.77827285
PP2A1,I.GFP.10.2nd,25.2459849
PP2A1,I.GFP.10.2nd,25.38283074
PP2A1,I.GFP.10.2nd,25.28553336
TBL6,I.GFP.10.2nd,27.33217023
TBL6,I.GFP.10.2nd,27.50538257
TBL6,I.GFP.10.2nd,27.65218458
UBQ7,I.GFP.10.2nd,24.62158385
UBQ7,I.GFP.10.2nd,24.93284024
UBQ7,I.GFP.10.2nd,24.55333528
UBQ14,I.GFP.10.2nd,19.76828854
UBQ14,I.GFP.10.2nd,20.11654363
UBQ14,I.GFP.10.2nd,19.86148295
HYD1,I.GFP.10.2nd,24.78393461
HYD1,I.GFP.10.2nd,25.13981793
HYD1,I.GFP.10.2nd,24.72751925
ACT7,I.GFP.10.4th,21.03070982
ACT7,I.GFP.10.4th,21.00430414
ACT7,I.GFP.10.4th,21.03277298
TMN5,I.GFP.10.4th,28.47341385
TMN5,I.GFP.10.4th,28.6945244
TMN5,I.GFP.10.4th,28.41567992
PP2A1,I.GFP.10.4th,26.02386979
PP2A1,I.GFP.10.4th,26.35972197
PP2A1,I.GFP.10.4th,26.17945229
TBL6,I.GFP.10.4th,28.57279741
TBL6,I.GFP.10.4th,28.45904835
TBL6,I.GFP.10.4th,28.7738431
UBQ7,I.GFP.10.4th,21.08252163
UBQ7,I.GFP.10.4th,21.1271902
UBQ7,I.GFP.10.4th,21.04483538
UBQ14,I.GFP.10.4th,26.49888414
UBQ14,I.GFP.10.4th,26.25020554
UBQ14,I.GFP.10.4th,26.76092482
HYD1,I.GFP.10.4th,25.78210169
HYD1,I.GFP.10.4th,25.99497883
HYD1,I.GFP.10.4th,25.46472287
ACT7,I.GFP.11.2nd,20.37247443
ACT7,I.GFP.11.2nd,20.2374076
ACT7,I.GFP.11.2nd,20.24193191
TMN5,I.GFP.11.2nd,30.10105307
TMN5,I.GFP.11.2nd,30.04297396
TMN5,I.GFP.11.2nd,30.42307425
PP2A1,I.GFP.11.2nd,26.59621564
PP2A1,I.GFP.11.2nd,26.13956177
PP2A1,I.GFP.11.2nd,26.21654081
TBL6,I.GFP.11.2nd,29.82250321
TBL6,I.GFP.11.2nd,30.08680804
TBL6,I.GFP.11.2nd,29.77216474
UBQ7,I.GFP.11.2nd,26.48487307
UBQ7,I.GFP.11.2nd,26.12630602
UBQ7,I.GFP.11.2nd,26.17843689
UBQ14,I.GFP.11.2nd,21.80338507
UBQ14,I.GFP.11.2nd,21.69349213
UBQ14,I.GFP.11.2nd,22.06366803
HYD1,I.GFP.11.2nd,27.42391414
HYD1,I.GFP.11.2nd,26.90147297
HYD1,I.GFP.11.2nd,27.52149416
ACT7,I.GFP.11.4th,20.14333881
ACT7,I.GFP.11.4th,20.11495929
ACT7,I.GFP.11.4th,20.07379394
TMN5,I.GFP.11.4th,28.72088328
TMN5,I.GFP.11.4th,28.39798797
TMN5,I.GFP.11.4th,28.80386554
PP2A1,I.GFP.11.4th,26.11840404
PP2A1,I.GFP.11.4th,25.89668935
PP2A1,I.GFP.11.4th,25.89771571
TBL6,I.GFP.11.4th,29.22984588
TBL6,I.GFP.11.4th,29.56674465
TBL6,I.GFP.11.4th,29.56699422
UBQ7,I.GFP.11.4th,22.587227
UBQ7,I.GFP.11.4th,21.92211056
UBQ7,I.GFP.11.4th,21.86981867
UBQ14,I.GFP.11.4th,25.60510932
UBQ14,I.GFP.11.4th,25.63458693
UBQ14,I.GFP.11.4th,26.02093134
HYD1,I.GFP.11.4th,26.85714461
HYD1,I.GFP.11.4th,26.7380188
HYD1,I.GFP.11.4th,27.18476786
ACT7,I.GFP.12.2nd,21.12000187
ACT7,I.GFP.12.2nd,21.45699853
ACT7,I.GFP.12.2nd,20.22950647
TMN5,I.GFP.12.2nd,28.95920099
TMN5,I.GFP.12.2nd,30.81395979
TMN5,I.GFP.12.2nd,29.09888404
PP2A1,I.GFP.12.2nd,26.90913548
PP2A1,I.GFP.12.2nd,26.55858144
PP2A1,I.GFP.12.2nd,26.71088795
TBL6,I.GFP.12.2nd,29.41731806
TBL6,I.GFP.12.2nd,30.40178558
TBL6,I.GFP.12.2nd,30.00807182
UBQ7,I.GFP.12.2nd,20.77835967
UBQ7,I.GFP.12.2nd,20.86905688
UBQ7,I.GFP.12.2nd,20.53270153
UBQ14,I.GFP.12.2nd,25.41596057
UBQ14,I.GFP.12.2nd,26.66615428
UBQ14,I.GFP.12.2nd,26.16001479
HYD1,I.GFP.12.2nd,28.2157606
HYD1,I.GFP.12.2nd,28.00468284
HYD1,I.GFP.12.2nd,28.028457
ACT7,I.GFP.13.2nd,20.62833173
ACT7,I.GFP.13.2nd,20.84069839
ACT7,I.GFP.13.2nd,20.66221234
TMN5,I.GFP.13.2nd,29.10164474
TMN5,I.GFP.13.2nd,28.80764945
TMN5,I.GFP.13.2nd,29.16104672
PP2A1,I.GFP.13.2nd,26.08906215
PP2A1,I.GFP.13.2nd,26.0370522
PP2A1,I.GFP.13.2nd,26.1302829
TBL6,I.GFP.13.2nd,29.65575314
TBL6,I.GFP.13.2nd,29.75140998
TBL6,I.GFP.13.2nd,29.18134714
UBQ7,I.GFP.13.2nd,20.75784225
UBQ7,I.GFP.13.2nd,21.64776862
UBQ7,I.GFP.13.2nd,35.63064381
UBQ14,I.GFP.13.2nd,26.31685855
UBQ14,I.GFP.13.2nd,26.40020416
UBQ14,I.GFP.13.2nd,26.183332
HYD1,I.GFP.13.2nd,26.97546216
HYD1,I.GFP.13.2nd,27.36523182
HYD1,I.GFP.13.2nd,27.29531252
ACT7,I.GFP.13.4th,21.06041786
ACT7,I.GFP.13.4th,21.0574823
ACT7,I.GFP.13.4th,21.57221334
TMN5,I.GFP.13.4th,29.54256701
TMN5,I.GFP.13.4th,29.18477461
TMN5,I.GFP.13.4th,29.54671729
PP2A1,I.GFP.13.4th,27.27431263
PP2A1,I.GFP.13.4th,27.39675332
PP2A1,I.GFP.13.4th,26.83566144
TBL6,I.GFP.13.4th,31.10403683
TBL6,I.GFP.13.4th,31.39126827
TBL6,I.GFP.13.4th,30.35609005
UBQ7,I.GFP.13.4th,24.05328177
UBQ7,I.GFP.13.4th,23.29851142
UBQ7,I.GFP.13.4th,23.06106647
UBQ14,I.GFP.13.4th,27.56934043
UBQ14,I.GFP.13.4th,27.52770552
UBQ14,I.GFP.13.4th,27.48675368
HYD1,I.GFP.13.4th,27.31440687
HYD1,I.GFP.13.4th,27.88346889
HYD1,I.GFP.13.4th,28.10143503
ACT7,I.GFP.14.2nd,20.45259127
ACT7,I.GFP.14.2nd,20.62991865
ACT7,I.GFP.14.2nd,20.99460258
TMN5,I.GFP.14.2nd,29.56656602
TMN5,I.GFP.14.2nd,30.0496649
TMN5,I.GFP.14.2nd,29.838286
PP2A1,I.GFP.14.2nd,28.58036314
PP2A1,I.GFP.14.2nd,26.68264033
PP2A1,I.GFP.14.2nd,26.67146665
TBL6,I.GFP.14.2nd,29.75339505
TBL6,I.GFP.14.2nd,29.44449467
TBL6,I.GFP.14.2nd,29.5024177
UBQ7,I.GFP.14.2nd,21.28512096
UBQ7,I.GFP.14.2nd,21.16891159
UBQ7,I.GFP.14.2nd,21.23868529
UBQ14,I.GFP.14.2nd,26.04897369
UBQ14,I.GFP.14.2nd,26.77804273
UBQ14,I.GFP.14.2nd,26.81139199
HYD1,I.GFP.14.2nd,27.60256482
HYD1,I.GFP.14.2nd,28.13347192
HYD1,I.GFP.14.2nd,27.49806395
ACT7,I.GFP.14.4th,25.63552488
ACT7,I.GFP.14.4th,25.58062908
ACT7,I.GFP.14.4th,25.50299548
TMN5,I.GFP.14.4th,35.71600597
TMN5,I.GFP.14.4th,34.31622992
TMN5,I.GFP.14.4th,33.52832558
PP2A1,I.GFP.14.4th,31.62214369
PP2A1,I.GFP.14.4th,32.0026675
PP2A1,I.GFP.14.4th,31.70007326
TBL6,I.GFP.14.4th,NaN
TBL6,I.GFP.14.4th,NaN
TBL6,I.GFP.14.4th,NaN
UBQ7,I.GFP.14.4th,28.19158673
UBQ7,I.GFP.14.4th,27.85951441
UBQ7,I.GFP.14.4th,27.82087552
UBQ14,I.GFP.14.4th,32.23052524
UBQ14,I.GFP.14.4th,31.50133877
UBQ14,I.GFP.14.4th,31.41879888
HYD1,I.GFP.14.4th,31.16173787
HYD1,I.GFP.14.4th,31.04328766
HYD1,I.GFP.14.4th,31.34405887
ACT7,I.GFP.15.2nd,21.33354064
ACT7,I.GFP.15.2nd,21.30826957
ACT7,I.GFP.15.2nd,21.96975917
TMN5,I.GFP.15.2nd,31.16569274
TMN5,I.GFP.15.2nd,31.36756417
TMN5,I.GFP.15.2nd,31.90270622
PP2A1,I.GFP.15.2nd,27.67008436
PP2A1,I.GFP.15.2nd,27.49795779
PP2A1,I.GFP.15.2nd,27.70464684
TBL6,I.GFP.15.2nd,31.13646891
TBL6,I.GFP.15.2nd,30.2415268
TBL6,I.GFP.15.2nd,31.51992907
UBQ7,I.GFP.15.2nd,23.08935368
UBQ7,I.GFP.15.2nd,22.886488
UBQ7,I.GFP.15.2nd,22.74853322
UBQ14,I.GFP.15.2nd,27.49219946
UBQ14,I.GFP.15.2nd,27.69045551
UBQ14,I.GFP.15.2nd,27.44233453
ACT7,I.GFP.16.2nd,20.895038
ACT7,I.GFP.16.2nd,20.41708734
ACT7,I.GFP.16.2nd,20.39864202
TMN5,I.GFP.16.2nd,29.92963671
TMN5,I.GFP.16.2nd,29.52446685
TMN5,I.GFP.16.2nd,29.48514391
PP2A1,I.GFP.16.2nd,26.86718646
PP2A1,I.GFP.16.2nd,26.43621692
PP2A1,I.GFP.16.2nd,26.6026412
TBL6,I.GFP.16.2nd,NaN
TBL6,I.GFP.16.2nd,NaN
TBL6,I.GFP.16.2nd,NaN
UBQ7,I.GFP.16.2nd,21.12618842
UBQ7,I.GFP.16.2nd,22.02261448
UBQ7,I.GFP.16.2nd,21.36383471
UBQ14,I.GFP.16.2nd,25.87637224
UBQ14,I.GFP.16.2nd,NaN
UBQ14,I.GFP.16.2nd,26.43459589
HYD1,I.GFP.16.2nd,27.455698
HYD1,I.GFP.16.2nd,27.18688861
HYD1,I.GFP.16.2nd,27.30170653
ACT7,I.GFP.16.4th,23.3815043
ACT7,I.GFP.16.4th,23.05307321
ACT7,I.GFP.16.4th,23.06760686
TMN5,I.GFP.16.4th,32.02115809
TMN5,I.GFP.16.4th,32.52745405
TMN5,I.GFP.16.4th,32.19391994
PP2A1,I.GFP.16.4th,29.80552785
PP2A1,I.GFP.16.4th,29.9109224
PP2A1,I.GFP.16.4th,29.42984891
TBL6,I.GFP.16.4th,NaN
TBL6,I.GFP.16.4th,NaN
TBL6,I.GFP.16.4th,NaN
UBQ7,I.GFP.16.4th,25.21917054
UBQ7,I.GFP.16.4th,25.23844477
UBQ7,I.GFP.16.4th,24.88067791
UBQ14,I.GFP.16.4th,29.43053294
UBQ14,I.GFP.16.4th,29.80318661
UBQ14,I.GFP.16.4th,29.7354346
HYD1,I.GFP.16.4th,30.74357111
HYD1,I.GFP.16.4th,30.48169358
HYD1,I.GFP.16.4th,30.49410304
ACT7,I.GFP.17.2nd,22.5461906
ACT7,I.GFP.17.2nd,22.54786784
ACT7,I.GFP.17.2nd,22.69219904
TMN5,I.GFP.17.2nd,31.24232331
TMN5,I.GFP.17.2nd,31.13375126
TMN5,I.GFP.17.2nd,31.84456374
PP2A1,I.GFP.17.2nd,28.74406788
PP2A1,I.GFP.17.2nd,28.75206289
PP2A1,I.GFP.17.2nd,28.41337842
TBL6,I.GFP.17.2nd,NaN
TBL6,I.GFP.17.2nd,NaN
TBL6,I.GFP.17.2nd,NaN
UBQ7,I.GFP.17.2nd,23.8376554
UBQ7,I.GFP.17.2nd,23.73213082
UBQ7,I.GFP.17.2nd,23.59420717
UBQ14,I.GFP.17.2nd,28.34278668
UBQ14,I.GFP.17.2nd,28.6463716
UBQ14,I.GFP.17.2nd,29.11407643
HYD1,I.GFP.17.2nd,28.95910749
HYD1,I.GFP.17.2nd,28.82770568
HYD1,I.GFP.17.2nd,28.43906129
ACT7,I.GFP.18.2nd,20.36709587
ACT7,I.GFP.18.2nd,20.54582447
ACT7,I.GFP.18.2nd,20.61217397
TMN5,I.GFP.18.2nd,28.12800217
TMN5,I.GFP.18.2nd,28.26771771
TMN5,I.GFP.18.2nd,28.23502205
PP2A1,I.GFP.18.2nd,26.42892882
PP2A1,I.GFP.18.2nd,26.397481
PP2A1,I.GFP.18.2nd,26.33766203
TBL6,I.GFP.18.2nd,28.79474961
TBL6,I.GFP.18.2nd,28.87641364
TBL6,I.GFP.18.2nd,29.07356565
UBQ7,I.GFP.18.2nd,25.73473379
UBQ7,I.GFP.18.2nd,25.6323979
UBQ7,I.GFP.18.2nd,25.74166464
UBQ14,I.GFP.18.2nd,20.79491037
UBQ14,I.GFP.18.2nd,20.58655948
UBQ14,I.GFP.18.2nd,20.93955135
HYD1,I.GFP.18.2nd,25.4226854
HYD1,I.GFP.18.2nd,25.81796135
HYD1,I.GFP.18.2nd,25.74578243
ACT7,I.GFP.18.4th,20.90196469
ACT7,I.GFP.18.4th,21.08077585
ACT7,I.GFP.18.4th,21.03929701
TMN5,I.GFP.18.4th,28.9578454
TMN5,I.GFP.18.4th,28.95881876
TMN5,I.GFP.18.4th,29.21369759
PP2A1,I.GFP.18.4th,26.16961566
PP2A1,I.GFP.18.4th,26.70730651
PP2A1,I.GFP.18.4th,26.42241921
TBL6,I.GFP.18.4th,29.28176413
TBL6,I.GFP.18.4th,29.21857185
TBL6,I.GFP.18.4th,29.28578121
UBQ7,I.GFP.18.4th,26.12091056
UBQ7,I.GFP.18.4th,26.0777801
UBQ7,I.GFP.18.4th,26.15053319
UBQ14,I.GFP.18.4th,21.39233758
UBQ14,I.GFP.18.4th,21.27376271
UBQ14,I.GFP.18.4th,21.50841388
HYD1,I.GFP.18.4th,25.96947606
HYD1,I.GFP.18.4th,26.4912477
HYD1,I.GFP.18.4th,26.00295514
ACT7,I.GFP.19.2nd,20.50309842
ACT7,I.GFP.19.2nd,20.46178227
ACT7,I.GFP.19.2nd,20.60731084
TMN5,I.GFP.19.2nd,30.53151189
TMN5,I.GFP.19.2nd,31.14562281
TMN5,I.GFP.19.2nd,30.94303127
PP2A1,I.GFP.19.2nd,26.13544719
PP2A1,I.GFP.19.2nd,26.34375338
PP2A1,I.GFP.19.2nd,26.20868424
TBL6,I.GFP.19.2nd,NaN
TBL6,I.GFP.19.2nd,NaN
TBL6,I.GFP.19.2nd,NaN
UBQ7,I.GFP.19.2nd,22.50988487
UBQ7,I.GFP.19.2nd,22.41162492
UBQ7,I.GFP.19.2nd,22.44376216
UBQ14,I.GFP.19.2nd,26.33918816
UBQ14,I.GFP.19.2nd,26.44053629
UBQ14,I.GFP.19.2nd,26.3774505
HYD1,I.GFP.19.2nd,27.89917643
HYD1,I.GFP.19.2nd,27.61043636
HYD1,I.GFP.19.2nd,27.96184685
ACT7,I.GFP.19.4th,27.10638012
ACT7,I.GFP.19.4th,27.10297663
ACT7,I.GFP.19.4th,27.07091314
TMN5,I.GFP.19.4th,36.29459118
TMN5,I.GFP.19.4th,36.81330352
TMN5,I.GFP.19.4th,NaN
PP2A1,I.GFP.19.4th,34.02542285
PP2A1,I.GFP.19.4th,33.14679431
PP2A1,I.GFP.19.4th,33.38778672
TBL6,I.GFP.19.4th,NaN
TBL6,I.GFP.19.4th,NaN
TBL6,I.GFP.19.4th,NaN
UBQ7,I.GFP.19.4th,35.07154135
UBQ7,I.GFP.19.4th,NaN
UBQ7,I.GFP.19.4th,36.27389748
UBQ14,I.GFP.19.4th,30.85835979
UBQ14,I.GFP.19.4th,31.23350221
UBQ14,I.GFP.19.4th,31.56680014
HYD1,I.GFP.19.4th,34.54216745
HYD1,I.GFP.19.4th,NaN
HYD1,I.GFP.19.4th,36.01227014
ACT7,I.GFP.2.2nd,21.42683177
ACT7,I.GFP.2.2nd,21.3446606
ACT7,I.GFP.2.2nd,21.3208737
TMN5,I.GFP.2.2nd,30.19479465
TMN5,I.GFP.2.2nd,29.59979444
TMN5,I.GFP.2.2nd,29.39073293
PP2A1,I.GFP.2.2nd,26.27246396
PP2A1,I.GFP.2.2nd,26.33236845
PP2A1,I.GFP.2.2nd,26.39307192
TBL6,I.GFP.2.2nd,28.31349257
TBL6,I.GFP.2.2nd,28.44636412
TBL6,I.GFP.2.2nd,28.90008634
UBQ7,I.GFP.2.2nd,21.53193979
UBQ7,I.GFP.2.2nd,21.42098823
UBQ7,I.GFP.2.2nd,21.52640306
UBQ14,I.GFP.2.2nd,26.37291877
UBQ14,I.GFP.2.2nd,26.20606398
UBQ14,I.GFP.2.2nd,26.58136776
HYD1,I.GFP.2.2nd,27.00545768
HYD1,I.GFP.2.2nd,26.87726575
HYD1,I.GFP.2.2nd,26.98917816
ACT7,I.GFP.20.2nd,20.15976791
ACT7,I.GFP.20.2nd,20.77479289
ACT7,I.GFP.20.2nd,20.27714786
TMN5,I.GFP.20.2nd,30.09812411
TMN5,I.GFP.20.2nd,30.2010055
TMN5,I.GFP.20.2nd,29.14720452
PP2A1,I.GFP.20.2nd,26.12308578
PP2A1,I.GFP.20.2nd,25.98642922
PP2A1,I.GFP.20.2nd,26.15501653
TBL6,I.GFP.20.2nd,28.02885275
TBL6,I.GFP.20.2nd,28.06452043
TBL6,I.GFP.20.2nd,28.19942118
UBQ7,I.GFP.20.2nd,20.63269638
UBQ7,I.GFP.20.2nd,20.41484437
UBQ7,I.GFP.20.2nd,20.43024317
UBQ14,I.GFP.20.2nd,25.45287928
UBQ14,I.GFP.20.2nd,25.63197128
UBQ14,I.GFP.20.2nd,25.39026953
HYD1,I.GFP.20.2nd,29.34823977
HYD1,I.GFP.20.2nd,27.54657454
HYD1,I.GFP.20.2nd,27.37396895
ACT7,I.GFP.20.4th,NaN
ACT7,I.GFP.20.4th,23.95042856
ACT7,I.GFP.20.4th,25.15939192
TMN5,I.GFP.20.4th,NaN
TMN5,I.GFP.20.4th,NaN
TMN5,I.GFP.20.4th,34.29776629
PP2A1,I.GFP.20.4th,28.30124918
PP2A1,I.GFP.20.4th,NaN
PP2A1,I.GFP.20.4th,31.28500899
TBL6,I.GFP.20.4th,33.17689006
TBL6,I.GFP.20.4th,33.3895894
TBL6,I.GFP.20.4th,33.38853025
UBQ7,I.GFP.20.4th,23.88250185
UBQ7,I.GFP.20.4th,22.78423567
UBQ7,I.GFP.20.4th,23.16581708
UBQ14,I.GFP.20.4th,NaN
UBQ14,I.GFP.20.4th,NaN
UBQ14,I.GFP.20.4th,32.15345908
HYD1,I.GFP.20.4th,29.03097217
HYD1,I.GFP.20.4th,31.70961053
HYD1,I.GFP.20.4th,33.34103666
ACT7,I.GFP.21.2nd,20.95901063
ACT7,I.GFP.21.2nd,20.82294653
ACT7,I.GFP.21.2nd,20.86626227
TMN5,I.GFP.21.2nd,30.2454765
TMN5,I.GFP.21.2nd,29.85871262
TMN5,I.GFP.21.2nd,29.75364149
PP2A1,I.GFP.21.2nd,27.16871902
PP2A1,I.GFP.21.2nd,26.95575289
PP2A1,I.GFP.21.2nd,26.90003583
TBL6,I.GFP.21.2nd,30.25127459
TBL6,I.GFP.21.2nd,30.13388137
TBL6,I.GFP.21.2nd,30.16439869
UBQ7,I.GFP.21.2nd,26.35950954
UBQ7,I.GFP.21.2nd,26.30224831
UBQ7,I.GFP.21.2nd,26.30687517
UBQ14,I.GFP.21.2nd,21.96068737
UBQ14,I.GFP.21.2nd,21.97407936
UBQ14,I.GFP.21.2nd,21.8357052
HYD1,I.GFP.21.2nd,27.46196301
HYD1,I.GFP.21.2nd,27.19447998
HYD1,I.GFP.21.2nd,26.96235791
ACT7,I.GFP.22.2nd,20.27031382
ACT7,I.GFP.22.2nd,20.35555637
ACT7,I.GFP.22.2nd,20.37173844
TMN5,I.GFP.22.2nd,28.82902745
TMN5,I.GFP.22.2nd,28.84795718
TMN5,I.GFP.22.2nd,28.99277023
PP2A1,I.GFP.22.2nd,26.35590317
PP2A1,I.GFP.22.2nd,26.1095778
PP2A1,I.GFP.22.2nd,26.23688299
TBL6,I.GFP.22.2nd,NaN
TBL6,I.GFP.22.2nd,NaN
TBL6,I.GFP.22.2nd,NaN
UBQ7,I.GFP.22.2nd,21.01598035
UBQ7,I.GFP.22.2nd,21.13022699
UBQ7,I.GFP.22.2nd,21.14603557
UBQ14,I.GFP.22.2nd,26.15919085
UBQ14,I.GFP.22.2nd,25.7213364
UBQ14,I.GFP.22.2nd,26.43944958
HYD1,I.GFP.22.2nd,26.3193361
HYD1,I.GFP.22.2nd,26.82684631
HYD1,I.GFP.22.2nd,26.11801972
ACT7,I.GFP.22.4th,22.23418715
ACT7,I.GFP.22.4th,21.9471227
ACT7,I.GFP.22.4th,22.01160765
TMN5,I.GFP.22.4th,31.40989525
TMN5,I.GFP.22.4th,31.95341212
TMN5,I.GFP.22.4th,31.09061271
PP2A1,I.GFP.22.4th,28.68889553
PP2A1,I.GFP.22.4th,28.9007101
PP2A1,I.GFP.22.4th,28.40173423
TBL6,I.GFP.22.4th,NaN
TBL6,I.GFP.22.4th,NaN
TBL6,I.GFP.22.4th,NaN
UBQ7,I.GFP.22.4th,23.54833311
UBQ7,I.GFP.22.4th,23.96110732
UBQ7,I.GFP.22.4th,24.33680598
UBQ14,I.GFP.22.4th,28.64727492
UBQ14,I.GFP.22.4th,28.57775698
UBQ14,I.GFP.22.4th,28.74415295
HYD1,I.GFP.22.4th,29.12969665
HYD1,I.GFP.22.4th,29.18947902
HYD1,I.GFP.22.4th,28.98822701
ACT7,I.GFP.23.2nd,19.70984354
ACT7,I.GFP.23.2nd,19.50880637
ACT7,I.GFP.23.2nd,19.56906274
TMN5,I.GFP.23.2nd,29.03754519
TMN5,I.GFP.23.2nd,29.08671612
TMN5,I.GFP.23.2nd,29.51839869
PP2A1,I.GFP.23.2nd,26.01367258
PP2A1,I.GFP.23.2nd,26.11201997
PP2A1,I.GFP.23.2nd,26.13046304
TBL6,I.GFP.23.2nd,28.79593194
TBL6,I.GFP.23.2nd,29.05818583
TBL6,I.GFP.23.2nd,29.10193398
UBQ7,I.GFP.23.2nd,20.44764134
UBQ7,I.GFP.23.2nd,20.36673166
UBQ7,I.GFP.23.2nd,20.19002316
UBQ14,I.GFP.23.2nd,25.4843265
UBQ14,I.GFP.23.2nd,25.63974345
UBQ14,I.GFP.23.2nd,26.02940552
HYD1,I.GFP.23.2nd,28.01816606
HYD1,I.GFP.23.2nd,27.73894491
HYD1,I.GFP.23.2nd,28.1129248
ACT7,I.GFP.24.2nd,21.59115938
ACT7,I.GFP.24.2nd,21.39012506
ACT7,I.GFP.24.2nd,21.23269452
TMN5,I.GFP.24.2nd,30.02286553
TMN5,I.GFP.24.2nd,30.52871914
TMN5,I.GFP.24.2nd,30.40635041
PP2A1,I.GFP.24.2nd,27.26804015
PP2A1,I.GFP.24.2nd,26.98512639
PP2A1,I.GFP.24.2nd,26.8872723
TBL6,I.GFP.24.2nd,NaN
TBL6,I.GFP.24.2nd,NaN
TBL6,I.GFP.24.2nd,NaN
UBQ7,I.GFP.24.2nd,21.88357714
UBQ7,I.GFP.24.2nd,22.1260123
UBQ7,I.GFP.24.2nd,21.9532522
UBQ14,I.GFP.24.2nd,26.74051324
UBQ14,I.GFP.24.2nd,26.91449798
UBQ14,I.GFP.24.2nd,27.05146845
HYD1,I.GFP.24.2nd,28.18777217
HYD1,I.GFP.24.2nd,28.26329591
HYD1,I.GFP.24.2nd,28.00415935
ACT7,I.GFP.25.2nd,19.95756859
ACT7,I.GFP.25.2nd,20.11775459
ACT7,I.GFP.25.2nd,20.15682415
TMN5,I.GFP.25.2nd,29.12776167
TMN5,I.GFP.25.2nd,28.75407406
TMN5,I.GFP.25.2nd,28.70238208
PP2A1,I.GFP.25.2nd,26.5409138
PP2A1,I.GFP.25.2nd,25.89340499
PP2A1,I.GFP.25.2nd,26.08660772
TBL6,I.GFP.25.2nd,28.65101482
TBL6,I.GFP.25.2nd,28.43832445
TBL6,I.GFP.25.2nd,28.56052665
UBQ7,I.GFP.25.2nd,20.92183385
UBQ7,I.GFP.25.2nd,22.0432754
UBQ7,I.GFP.25.2nd,38.22174353
UBQ14,I.GFP.25.2nd,25.94028881
UBQ14,I.GFP.25.2nd,26.09618853
UBQ14,I.GFP.25.2nd,25.98664021
HYD1,I.GFP.25.2nd,27.00873918
HYD1,I.GFP.25.2nd,26.8660956
HYD1,I.GFP.25.2nd,26.97783258
ACT7,I.GFP.25.4th,21.04030607
ACT7,I.GFP.25.4th,20.85705003
ACT7,I.GFP.25.4th,21.40058174
TMN5,I.GFP.25.4th,29.66224749
TMN5,I.GFP.25.4th,29.23959534
TMN5,I.GFP.25.4th,29.66171357
PP2A1,I.GFP.25.4th,27.14017417
PP2A1,I.GFP.25.4th,27.4189317
PP2A1,I.GFP.25.4th,27.21254838
TBL6,I.GFP.25.4th,31.61114169
TBL6,I.GFP.25.4th,31.89134836
TBL6,I.GFP.25.4th,31.6177254
UBQ7,I.GFP.25.4th,22.86424931
UBQ7,I.GFP.25.4th,22.77304734
UBQ7,I.GFP.25.4th,22.22982732
UBQ14,I.GFP.25.4th,27.4104323
UBQ14,I.GFP.25.4th,27.80554373
UBQ14,I.GFP.25.4th,27.83141552
HYD1,I.GFP.25.4th,27.83033347
HYD1,I.GFP.25.4th,27.67004858
HYD1,I.GFP.25.4th,28.07487842
ACT7,I.GFP.26.2nd,21.54057864
ACT7,I.GFP.26.2nd,21.75859356
ACT7,I.GFP.26.2nd,21.63248943
TMN5,I.GFP.26.2nd,30.36021709
TMN5,I.GFP.26.2nd,29.96975701
TMN5,I.GFP.26.2nd,30.99085448
PP2A1,I.GFP.26.2nd,26.91048717
PP2A1,I.GFP.26.2nd,27.29305386
PP2A1,I.GFP.26.2nd,26.95336735
TBL6,I.GFP.26.2nd,30.71182769
TBL6,I.GFP.26.2nd,30.73541798
TBL6,I.GFP.26.2nd,30.61053658
UBQ7,I.GFP.26.2nd,26.94288046
UBQ7,I.GFP.26.2nd,26.95377647
UBQ7,I.GFP.26.2nd,27.05650551
UBQ14,I.GFP.26.2nd,22.25051776
UBQ14,I.GFP.26.2nd,22.19493495
UBQ14,I.GFP.26.2nd,22.29533083
HYD1,I.GFP.26.2nd,27.27270669
HYD1,I.GFP.26.2nd,27.34708961
HYD1,I.GFP.26.2nd,27.35527252
ACT7,I.GFP.26.4th,21.79973356
ACT7,I.GFP.26.4th,21.66498897
ACT7,I.GFP.26.4th,21.62181545
TMN5,I.GFP.26.4th,30.78382376
TMN5,I.GFP.26.4th,30.95482224
TMN5,I.GFP.26.4th,31.38376211
PP2A1,I.GFP.26.4th,26.22776983
PP2A1,I.GFP.26.4th,26.68452079
PP2A1,I.GFP.26.4th,27.11124071
TBL6,I.GFP.26.4th,30.26412955
TBL6,I.GFP.26.4th,30.6844584
TBL6,I.GFP.26.4th,30.63885005
UBQ7,I.GFP.26.4th,27.45398276
UBQ7,I.GFP.26.4th,27.39788397
UBQ7,I.GFP.26.4th,27.68141332
UBQ14,I.GFP.26.4th,22.22128631
UBQ14,I.GFP.26.4th,22.28413843
UBQ14,I.GFP.26.4th,22.26661963
HYD1,I.GFP.26.4th,27.944725
HYD1,I.GFP.26.4th,28.04553863
HYD1,I.GFP.26.4th,28.01269319
ACT7,I.GFP.27.2nd,22.34611776
ACT7,I.GFP.27.2nd,22.25905028
ACT7,I.GFP.27.2nd,22.13281375
TMN5,I.GFP.27.2nd,32.03288244
TMN5,I.GFP.27.2nd,31.71924603
TMN5,I.GFP.27.2nd,32.39224183
PP2A1,I.GFP.27.2nd,28.11063619
PP2A1,I.GFP.27.2nd,27.85476642
PP2A1,I.GFP.27.2nd,27.51399369
TBL6,I.GFP.27.2nd,NaN
TBL6,I.GFP.27.2nd,NaN
TBL6,I.GFP.27.2nd,NaN
UBQ7,I.GFP.27.2nd,24.27172875
UBQ7,I.GFP.27.2nd,23.53883953
UBQ7,I.GFP.27.2nd,23.80380858
UBQ14,I.GFP.27.2nd,28.28534939
UBQ14,I.GFP.27.2nd,28.14549344
UBQ14,I.GFP.27.2nd,28.35408186
HYD1,I.GFP.27.2nd,29.41151426
HYD1,I.GFP.27.2nd,29.11604716
HYD1,I.GFP.27.2nd,29.22286446
ACT7,I.GFP.27.4th,21.10905804
ACT7,I.GFP.27.4th,21.18477343
ACT7,I.GFP.27.4th,21.15835901
TMN5,I.GFP.27.4th,31.10663128
TMN5,I.GFP.27.4th,31.27083693
TMN5,I.GFP.27.4th,31.53603773
PP2A1,I.GFP.27.4th,26.71543779
PP2A1,I.GFP.27.4th,27.09245322
PP2A1,I.GFP.27.4th,26.85140068
TBL6,I.GFP.27.4th,NaN
TBL6,I.GFP.27.4th,NaN
TBL6,I.GFP.27.4th,NaN
UBQ7,I.GFP.27.4th,22.86772708
UBQ7,I.GFP.27.4th,22.74733535
UBQ7,I.GFP.27.4th,22.63468831
UBQ14,I.GFP.27.4th,27.07408717
UBQ14,I.GFP.27.4th,27.14560747
UBQ14,I.GFP.27.4th,27.14314949
HYD1,I.GFP.27.4th,27.76452468
HYD1,I.GFP.27.4th,27.76836838
HYD1,I.GFP.27.4th,27.7951758
ACT7,I.GFP.28.2nd,23.87936141
ACT7,I.GFP.28.2nd,23.85499326
ACT7,I.GFP.28.2nd,23.87023535
TMN5,I.GFP.28.2nd,33.33440583
TMN5,I.GFP.28.2nd,32.98389982
TMN5,I.GFP.28.2nd,33.27146248
PP2A1,I.GFP.28.2nd,29.18938703
PP2A1,I.GFP.28.2nd,29.70887917
PP2A1,I.GFP.28.2nd,28.49159375
TBL6,I.GFP.28.2nd,31.45901852
TBL6,I.GFP.28.2nd,31.30559138
TBL6,I.GFP.28.2nd,32.3452217
UBQ7,I.GFP.28.2nd,24.15289865
UBQ7,I.GFP.28.2nd,24.2843974
UBQ7,I.GFP.28.2nd,24.25189617
UBQ14,I.GFP.28.2nd,29.1134884
UBQ14,I.GFP.28.2nd,28.90854354
UBQ14,I.GFP.28.2nd,28.70256354
HYD1,I.GFP.28.2nd,30.37374434
HYD1,I.GFP.28.2nd,30.60381449
HYD1,I.GFP.28.2nd,30.68774173
ACT7,I.GFP.3.4th,21.37290913
ACT7,I.GFP.3.4th,21.56786677
ACT7,I.GFP.3.4th,21.5519414
TMN5,I.GFP.3.4th,31.35604398
TMN5,I.GFP.3.4th,30.66597425
TMN5,I.GFP.3.4th,31.26103263
PP2A1,I.GFP.3.4th,29.46187312
PP2A1,I.GFP.3.4th,30.15336159
PP2A1,I.GFP.3.4th,29.59201518
TBL6,I.GFP.3.4th,32.67481446
TBL6,I.GFP.3.4th,32.35786378
TBL6,I.GFP.3.4th,33.87842023
UBQ7,I.GFP.3.4th,30.12602525
UBQ7,I.GFP.3.4th,29.78007828
UBQ7,I.GFP.3.4th,29.82309226
UBQ14,I.GFP.3.4th,26.30841018
UBQ14,I.GFP.3.4th,26.69914571
UBQ14,I.GFP.3.4th,26.5135495
HYD1,I.GFP.3.4th,30.17475131
HYD1,I.GFP.3.4th,30.16607035
HYD1,I.GFP.3.4th,30.24202426
ACT7,I.GFP.4.2nd,21.18982291
ACT7,I.GFP.4.2nd,22.17780383
ACT7,I.GFP.4.2nd,21.47933785
TMN5,I.GFP.4.2nd,30.15167489
TMN5,I.GFP.4.2nd,31.09773745
TMN5,I.GFP.4.2nd,30.22933465
PP2A1,I.GFP.4.2nd,27.18444198
PP2A1,I.GFP.4.2nd,27.38268289
PP2A1,I.GFP.4.2nd,27.4936873
TBL6,I.GFP.4.2nd,29.3459704
TBL6,I.GFP.4.2nd,29.62567703
TBL6,I.GFP.4.2nd,32.50160968
UBQ7,I.GFP.4.2nd,21.81062866
UBQ7,I.GFP.4.2nd,21.4830457
UBQ7,I.GFP.4.2nd,21.43187359
UBQ14,I.GFP.4.2nd,26.02120719
UBQ14,I.GFP.4.2nd,29.13316937
UBQ14,I.GFP.4.2nd,26.19082308
HYD1,I.GFP.4.2nd,28.74260643
HYD1,I.GFP.4.2nd,28.55201252
HYD1,I.GFP.4.2nd,29.03719901
ACT7,I.GFP.4.4th,22.88190272
ACT7,I.GFP.4.4th,22.87880497
ACT7,I.GFP.4.4th,22.96377998
TMN5,I.GFP.4.4th,32.24986756
TMN5,I.GFP.4.4th,31.91487917
TMN5,I.GFP.4.4th,32.50391191
PP2A1,I.GFP.4.4th,28.41305849
PP2A1,I.GFP.4.4th,29.15563698
PP2A1,I.GFP.4.4th,29.21235193
TBL6,I.GFP.4.4th,31.33874835
TBL6,I.GFP.4.4th,31.30448301
TBL6,I.GFP.4.4th,32.13312057
UBQ7,I.GFP.4.4th,23.88933765
UBQ7,I.GFP.4.4th,23.74592913
UBQ7,I.GFP.4.4th,23.76627835
UBQ14,I.GFP.4.4th,28.11459671
UBQ14,I.GFP.4.4th,28.15431543
UBQ14,I.GFP.4.4th,28.03580639
HYD1,I.GFP.4.4th,30.22246076
HYD1,I.GFP.4.4th,30.25291021
HYD1,I.GFP.4.4th,30.22613069
ACT7,I.GFP.5.2nd,21.66688017
ACT7,I.GFP.5.2nd,21.40789089
ACT7,I.GFP.5.2nd,21.4651095
TMN5,I.GFP.5.2nd,29.91140625
TMN5,I.GFP.5.2nd,29.83354445
TMN5,I.GFP.5.2nd,29.44783198
PP2A1,I.GFP.5.2nd,27.46215395
PP2A1,I.GFP.5.2nd,27.10249262
PP2A1,I.GFP.5.2nd,26.98524844
TBL6,I.GFP.5.2nd,30.64294396
TBL6,I.GFP.5.2nd,30.5387441
TBL6,I.GFP.5.2nd,30.07541855
UBQ7,I.GFP.5.2nd,26.80283721
UBQ7,I.GFP.5.2nd,26.39294593
UBQ7,I.GFP.5.2nd,26.48172372
UBQ14,I.GFP.5.2nd,22.02341251
UBQ14,I.GFP.5.2nd,22.21264033
UBQ14,I.GFP.5.2nd,22.04594457
HYD1,I.GFP.5.2nd,26.44778266
HYD1,I.GFP.5.2nd,26.38714292
HYD1,I.GFP.5.2nd,26.26981075
ACT7,I.GFP.7.2nd,20.32890738
ACT7,I.GFP.7.2nd,20.37046462
ACT7,I.GFP.7.2nd,20.38497147
TMN5,I.GFP.7.2nd,30.22485943
TMN5,I.GFP.7.2nd,30.84804612
TMN5,I.GFP.7.2nd,30.62851424
PP2A1,I.GFP.7.2nd,26.1742359
PP2A1,I.GFP.7.2nd,25.60556231
PP2A1,I.GFP.7.2nd,25.69051223
TBL6,I.GFP.7.2nd,29.21239945
TBL6,I.GFP.7.2nd,28.78601513
TBL6,I.GFP.7.2nd,29.21489063
UBQ7,I.GFP.7.2nd,21.74802947
UBQ7,I.GFP.7.2nd,21.20360713
UBQ7,I.GFP.7.2nd,21.20696871
UBQ14,I.GFP.7.2nd,25.67880324
UBQ14,I.GFP.7.2nd,26.19691636
UBQ14,I.GFP.7.2nd,26.12817536
HYD1,I.GFP.7.2nd,27.66358799
HYD1,I.GFP.7.2nd,27.72484457
HYD1,I.GFP.7.2nd,27.7927737
ACT7,I.GFP.7.4th,22.09899507
ACT7,I.GFP.7.4th,22.37772167
ACT7,I.GFP.7.4th,22.32555404
TMN5,I.GFP.7.4th,31.40908637
TMN5,I.GFP.7.4th,31.91883491
TMN5,I.GFP.7.4th,32.31899676
PP2A1,I.GFP.7.4th,28.39549196
PP2A1,I.GFP.7.4th,28.18368005
PP2A1,I.GFP.7.4th,27.94005411
TBL6,I.GFP.7.4th,33.69462173
TBL6,I.GFP.7.4th,32.60665753
TBL6,I.GFP.7.4th,32.63044191
UBQ7,I.GFP.7.4th,23.30633674
UBQ7,I.GFP.7.4th,24.44280189
UBQ7,I.GFP.7.4th,36.97815136
UBQ14,I.GFP.7.4th,28.90407848
UBQ14,I.GFP.7.4th,29.25215154
UBQ14,I.GFP.7.4th,29.51759459
HYD1,I.GFP.7.4th,30.13232829
HYD1,I.GFP.7.4th,29.80305463
HYD1,I.GFP.7.4th,29.95686817
ACT7,I.GFP.8.2nd,22.71311294
ACT7,I.GFP.8.2nd,22.80787695
ACT7,I.GFP.8.2nd,22.73379291
TMN5,I.GFP.8.2nd,32.21153598
TMN5,I.GFP.8.2nd,32.08113319
TMN5,I.GFP.8.2nd,33.75438796
PP2A1,I.GFP.8.2nd,28.78338784
PP2A1,I.GFP.8.2nd,28.64564885
PP2A1,I.GFP.8.2nd,28.92064689
TBL6,I.GFP.8.2nd,NaN
TBL6,I.GFP.8.2nd,NaN
TBL6,I.GFP.8.2nd,NaN
UBQ7,I.GFP.8.2nd,23.5227319
UBQ7,I.GFP.8.2nd,23.59305243
UBQ7,I.GFP.8.2nd,23.50422642
UBQ14,I.GFP.8.2nd,28.36357022
UBQ14,I.GFP.8.2nd,28.44179789
UBQ14,I.GFP.8.2nd,28.49843579
HYD1,I.GFP.8.2nd,29.59480204
HYD1,I.GFP.8.2nd,29.96370511
HYD1,I.GFP.8.2nd,29.90323162
ACT7,I.GFP.8.4th,23.10000581
ACT7,I.GFP.8.4th,23.21402683
ACT7,I.GFP.8.4th,23.12081692
TMN5,I.GFP.8.4th,32.34607729
TMN5,I.GFP.8.4th,32.13366314
TMN5,I.GFP.8.4th,31.92703125
PP2A1,I.GFP.8.4th,29.15001035
PP2A1,I.GFP.8.4th,29.176868
PP2A1,I.GFP.8.4th,29.20754125
TBL6,I.GFP.8.4th,NaN
TBL6,I.GFP.8.4th,NaN
TBL6,I.GFP.8.4th,NaN
UBQ7,I.GFP.8.4th,23.97419261
UBQ7,I.GFP.8.4th,24.04287066
UBQ7,I.GFP.8.4th,24.44290701
UBQ14,I.GFP.8.4th,29.20780905
UBQ14,I.GFP.8.4th,30.07966569
UBQ14,I.GFP.8.4th,29.39110969
HYD1,I.GFP.8.4th,29.29914881
HYD1,I.GFP.8.4th,29.48971067
HYD1,I.GFP.8.4th,29.69530161
ACT7,I.GFP.9.2nd,21.40872044
ACT7,I.GFP.9.2nd,21.39605502
ACT7,I.GFP.9.2nd,22.08838393
TMN5,I.GFP.9.2nd,30.19258636
TMN5,I.GFP.9.2nd,29.85232135
TMN5,I.GFP.9.2nd,29.9552279
PP2A1,I.GFP.9.2nd,27.36859966
PP2A1,I.GFP.9.2nd,27.36706626
PP2A1,I.GFP.9.2nd,27.03245364
TBL6,I.GFP.9.2nd,29.45532421
TBL6,I.GFP.9.2nd,29.08949276
TBL6,I.GFP.9.2nd,29.05972223
UBQ7,I.GFP.9.2nd,23.08432094
UBQ7,I.GFP.9.2nd,22.7012994
UBQ7,I.GFP.9.2nd,22.2312716
UBQ14,I.GFP.9.2nd,26.6859127
UBQ14,I.GFP.9.2nd,27.13725937
UBQ14,I.GFP.9.2nd,27.0937206
HYD1,I.GFP.9.2nd,28.12051183
HYD1,I.GFP.9.2nd,28.18938608
HYD1,I.GFP.9.2nd,28.36791354
ACT7,I.GFP.9.4th,21.202081
ACT7,I.GFP.9.4th,20.9464219
ACT7,I.GFP.9.4th,20.9610643
TMN5,I.GFP.9.4th,29.48029758
TMN5,I.GFP.9.4th,29.57608054
TMN5,I.GFP.9.4th,29.4468622
PP2A1,I.GFP.9.4th,26.86756711
PP2A1,I.GFP.9.4th,26.79930932
PP2A1,I.GFP.9.4th,26.93180404
TBL6,I.GFP.9.4th,NaN
TBL6,I.GFP.9.4th,NaN
TBL6,I.GFP.9.4th,NaN
UBQ7,I.GFP.9.4th,22.02958551
UBQ7,I.GFP.9.4th,22.07551622
UBQ7,I.GFP.9.4th,22.00443403
UBQ14,I.GFP.9.4th,26.61674289
UBQ14,I.GFP.9.4th,26.94863053
UBQ14,I.GFP.9.4th,26.85824502
HYD1,I.GFP.9.4th,27.3903878
HYD1,I.GFP.9.4th,27.22693216
HYD1,I.GFP.9.4th,27.2566416
ACT7,I.GFP1.2nd,20.05851195
ACT7,I.GFP1.2nd,20.15008579
ACT7,I.GFP1.2nd,20.10399629
TMN5,I.GFP1.2nd,29.4378473
TMN5,I.GFP1.2nd,29.63338106
TMN5,I.GFP1.2nd,29.5591832
PP2A1,I.GFP1.2nd,28.00038662
PP2A1,I.GFP1.2nd,27.8910893
PP2A1,I.GFP1.2nd,27.65052822
TBL6,I.GFP1.2nd,29.50743189
TBL6,I.GFP1.2nd,30.23288647
TBL6,I.GFP1.2nd,30.81877092
UBQ7,I.GFP1.2nd,28.20557409
UBQ7,I.GFP1.2nd,27.44749625
UBQ7,I.GFP1.2nd,27.55040312
UBQ14,I.GFP1.2nd,23.81801426
UBQ14,I.GFP1.2nd,23.69918739
UBQ14,I.GFP1.2nd,23.72574465
HYD1,I.GFP1.2nd,27.56564274
HYD1,I.GFP1.2nd,27.69303097
HYD1,I.GFP1.2nd,28.50792812
ACT7,I.HYD.1.2nd,20.04846017
ACT7,I.HYD.1.2nd,19.90111637
ACT7,I.HYD.1.2nd,19.90209051
TMN5,I.HYD.1.2nd,28.2482753
TMN5,I.HYD.1.2nd,28.50676653
TMN5,I.HYD.1.2nd,28.83056178
PP2A1,I.HYD.1.2nd,26.57615691
PP2A1,I.HYD.1.2nd,26.0968569
PP2A1,I.HYD.1.2nd,26.25095324
TBL6,I.HYD.1.2nd,NaN
TBL6,I.HYD.1.2nd,NaN
TBL6,I.HYD.1.2nd,NaN
UBQ7,I.HYD.1.2nd,20.30335024
UBQ7,I.HYD.1.2nd,19.94249718
UBQ7,I.HYD.1.2nd,20.05975038
UBQ14,I.HYD.1.2nd,26.33149883
UBQ14,I.HYD.1.2nd,26.1090853
UBQ14,I.HYD.1.2nd,26.24622181
HYD1,I.HYD.1.2nd,30.16218607
HYD1,I.HYD.1.2nd,30.50336109
HYD1,I.HYD.1.2nd,30.01297071
ACT7,I.HYD.1.4th,23.15821874
ACT7,I.HYD.1.4th,23.41383154
ACT7,I.HYD.1.4th,23.34322029
TMN5,I.HYD.1.4th,32.47673322
TMN5,I.HYD.1.4th,32.25164187
TMN5,I.HYD.1.4th,32.0459006
PP2A1,I.HYD.1.4th,29.11960921
PP2A1,I.HYD.1.4th,29.06698715
PP2A1,I.HYD.1.4th,29.19780421
TBL6,I.HYD.1.4th,NaN
TBL6,I.HYD.1.4th,NaN
TBL6,I.HYD.1.4th,NaN
UBQ7,I.HYD.1.4th,25.07124122
UBQ7,I.HYD.1.4th,24.55509667
UBQ7,I.HYD.1.4th,24.63158458
UBQ14,I.HYD.1.4th,29.24382714
UBQ14,I.HYD.1.4th,29.16163782
UBQ14,I.HYD.1.4th,29.35137264
HYD1,I.HYD.1.4th,32.1104738
HYD1,I.HYD.1.4th,32.15448449
HYD1,I.HYD.1.4th,34.27206891
ACT7,I.HYD.10.2nd,20.69855737
ACT7,I.HYD.10.2nd,20.36022116
ACT7,I.HYD.10.2nd,20.45132611
TMN5,I.HYD.10.2nd,29.5225369
TMN5,I.HYD.10.2nd,29.09799356
TMN5,I.HYD.10.2nd,29.3498565
PP2A1,I.HYD.10.2nd,27.13495167
PP2A1,I.HYD.10.2nd,26.88787852
PP2A1,I.HYD.10.2nd,26.95182919
TBL6,I.HYD.10.2nd,NaN
TBL6,I.HYD.10.2nd,NaN
TBL6,I.HYD.10.2nd,NaN
UBQ7,I.HYD.10.2nd,20.90243452
UBQ7,I.HYD.10.2nd,21.16865221
UBQ7,I.HYD.10.2nd,21.01858985
UBQ14,I.HYD.10.2nd,25.65879924
UBQ14,I.HYD.10.2nd,25.58531912
UBQ14,I.HYD.10.2nd,25.94456604
HYD1,I.HYD.10.2nd,28.14316499
HYD1,I.HYD.10.2nd,28.27662499
HYD1,I.HYD.10.2nd,28.24114834
ACT7,I.HYD.10.4th,20.96966311
ACT7,I.HYD.10.4th,21.03334015
ACT7,I.HYD.10.4th,21.4031711
TMN5,I.HYD.10.4th,29.19608759
TMN5,I.HYD.10.4th,28.92054025
TMN5,I.HYD.10.4th,29.08188394
PP2A1,I.HYD.10.4th,27.14016333
PP2A1,I.HYD.10.4th,27.11165498
PP2A1,I.HYD.10.4th,27.05118376
TBL6,I.HYD.10.4th,28.73438882
TBL6,I.HYD.10.4th,28.91526786
TBL6,I.HYD.10.4th,29.86386643
UBQ7,I.HYD.10.4th,26.56967443
UBQ7,I.HYD.10.4th,26.57715058
UBQ7,I.HYD.10.4th,26.96384081
UBQ14,I.HYD.10.4th,21.29093315
UBQ14,I.HYD.10.4th,21.25614736
UBQ14,I.HYD.10.4th,21.29558684
HYD1,I.HYD.10.4th,26.44540042
HYD1,I.HYD.10.4th,26.29851141
HYD1,I.HYD.10.4th,26.5085464
ACT7,I.HYD.11.2nd,23.04658674
ACT7,I.HYD.11.2nd,23.00782413
ACT7,I.HYD.11.2nd,22.82946315
TMN5,I.HYD.11.2nd,32.93475511
TMN5,I.HYD.11.2nd,32.42372809
TMN5,I.HYD.11.2nd,33.12394257
PP2A1,I.HYD.11.2nd,30.71836036
PP2A1,I.HYD.11.2nd,30.86303831
PP2A1,I.HYD.11.2nd,30.79018793
TBL6,I.HYD.11.2nd,35.73129445
TBL6,I.HYD.11.2nd,34.79045708
TBL6,I.HYD.11.2nd,34.8538238
UBQ7,I.HYD.11.2nd,33.68437615
UBQ7,I.HYD.11.2nd,32.4838858
UBQ7,I.HYD.11.2nd,31.83964323
UBQ14,I.HYD.11.2nd,27.21572243
UBQ14,I.HYD.11.2nd,27.34985067
UBQ14,I.HYD.11.2nd,27.438022
HYD1,I.HYD.11.2nd,33.89395648
HYD1,I.HYD.11.2nd,33.06153796
HYD1,I.HYD.11.2nd,32.34085178
ACT7,I.HYD.11.4th,22.2763335
ACT7,I.HYD.11.4th,21.7370844
ACT7,I.HYD.11.4th,21.61885766
TMN5,I.HYD.11.4th,32.26862614
TMN5,I.HYD.11.4th,33.21707175
TMN5,I.HYD.11.4th,32.74565908
PP2A1,I.HYD.11.4th,28.16962047
PP2A1,I.HYD.11.4th,28.24516234
PP2A1,I.HYD.11.4th,28.09843802
TBL6,I.HYD.11.4th,32.04939381
TBL6,I.HYD.11.4th,31.32624563
TBL6,I.HYD.11.4th,32.25992215
UBQ7,I.HYD.11.4th,27.87124346
UBQ7,I.HYD.11.4th,27.88281815
UBQ7,I.HYD.11.4th,27.30145296
UBQ14,I.HYD.11.4th,23.36858997
UBQ14,I.HYD.11.4th,23.47958996
UBQ14,I.HYD.11.4th,23.68455706
HYD1,I.HYD.11.4th,31.33960122
HYD1,I.HYD.11.4th,31.41541305
HYD1,I.HYD.11.4th,31.5066084
ACT7,I.HYD.12.2nd,21.25655983
ACT7,I.HYD.12.2nd,21.29620125
ACT7,I.HYD.12.2nd,21.35309142
TMN5,I.HYD.12.2nd,30.18581379
TMN5,I.HYD.12.2nd,30.81461851
TMN5,I.HYD.12.2nd,30.48051225
PP2A1,I.HYD.12.2nd,26.77928296
PP2A1,I.HYD.12.2nd,26.9922809
PP2A1,I.HYD.12.2nd,27.11177117
TBL6,I.HYD.12.2nd,29.65097485
TBL6,I.HYD.12.2nd,29.58312332
TBL6,I.HYD.12.2nd,30.16332725
UBQ7,I.HYD.12.2nd,26.1181034
UBQ7,I.HYD.12.2nd,26.32121962
UBQ7,I.HYD.12.2nd,28.92780744
UBQ14,I.HYD.12.2nd,21.60307071
UBQ14,I.HYD.12.2nd,21.65319927
UBQ14,I.HYD.12.2nd,21.83592657
HYD1,I.HYD.12.2nd,30.67082953
HYD1,I.HYD.12.2nd,30.08783709
HYD1,I.HYD.12.2nd,30.239152
ACT7,I.HYD.12.4th,28.39913997
ACT7,I.HYD.12.4th,28.45819379
ACT7,I.HYD.12.4th,28.57162005
TMN5,I.HYD.12.4th,36.0290427
TMN5,I.HYD.12.4th,36.07566201
TMN5,I.HYD.12.4th,NaN
PP2A1,I.HYD.12.4th,34.0198588
PP2A1,I.HYD.12.4th,35.18819764
PP2A1,I.HYD.12.4th,33.7281552
TBL6,I.HYD.12.4th,NaN
TBL6,I.HYD.12.4th,NaN
TBL6,I.HYD.12.4th,NaN
UBQ7,I.HYD.12.4th,29.69923275
UBQ7,I.HYD.12.4th,30.019463
UBQ7,I.HYD.12.4th,29.63593113
UBQ14,I.HYD.12.4th,33.66120357
UBQ14,I.HYD.12.4th,33.68820934
UBQ14,I.HYD.12.4th,34.66336688
HYD1,I.HYD.12.4th,NaN
HYD1,I.HYD.12.4th,34.38732685
HYD1,I.HYD.12.4th,35.61881339
ACT7,I.HYD.13.2nd,19.96434608
ACT7,I.HYD.13.2nd,19.95280242
ACT7,I.HYD.13.2nd,19.81566401
TMN5,I.HYD.13.2nd,29.13901258
TMN5,I.HYD.13.2nd,29.44063358
TMN5,I.HYD.13.2nd,31.00236035
PP2A1,I.HYD.13.2nd,26.10990467
PP2A1,I.HYD.13.2nd,27.11147378
PP2A1,I.HYD.13.2nd,26.91847559
TBL6,I.HYD.13.2nd,29.4022514
TBL6,I.HYD.13.2nd,30.30783635
TBL6,I.HYD.13.2nd,29.28663457
UBQ7,I.HYD.13.2nd,21.9294236
UBQ7,I.HYD.13.2nd,21.35275129
UBQ7,I.HYD.13.2nd,21.1096187
UBQ14,I.HYD.13.2nd,26.03485556
UBQ14,I.HYD.13.2nd,25.72683576
UBQ14,I.HYD.13.2nd,26.08288196
HYD1,I.HYD.13.2nd,28.69018563
HYD1,I.HYD.13.2nd,28.56249088
HYD1,I.HYD.13.2nd,29.13371075
ACT7,I.HYD.13.4th,21.33270285
ACT7,I.HYD.13.4th,21.50863262
ACT7,I.HYD.13.4th,21.25800945
TMN5,I.HYD.13.4th,30.3471037
TMN5,I.HYD.13.4th,30.24655147
TMN5,I.HYD.13.4th,31.01952219
PP2A1,I.HYD.13.4th,27.29804088
PP2A1,I.HYD.13.4th,27.37196973
PP2A1,I.HYD.13.4th,27.33217033
TBL6,I.HYD.13.4th,29.70584937
TBL6,I.HYD.13.4th,30.13118904
TBL6,I.HYD.13.4th,29.53013342
UBQ7,I.HYD.13.4th,22.12825005
UBQ7,I.HYD.13.4th,22.97016141
UBQ7,I.HYD.13.4th,NaN
UBQ14,I.HYD.13.4th,27.01989883
UBQ14,I.HYD.13.4th,27.05788308
UBQ14,I.HYD.13.4th,26.99310848
HYD1,I.HYD.13.4th,30.44689736
HYD1,I.HYD.13.4th,30.21848619
HYD1,I.HYD.13.4th,30.25225781
ACT7,I.HYD.15.2nd,20.62829736
ACT7,I.HYD.15.2nd,20.4848268
ACT7,I.HYD.15.2nd,20.90122491
TMN5,I.HYD.15.2nd,30.38653351
TMN5,I.HYD.15.2nd,30.33958552
TMN5,I.HYD.15.2nd,30.36238407
PP2A1,I.HYD.15.2nd,26.47286768
PP2A1,I.HYD.15.2nd,26.59404177
PP2A1,I.HYD.15.2nd,26.6440314
TBL6,I.HYD.15.2nd,29.76892948
TBL6,I.HYD.15.2nd,29.73013607
TBL6,I.HYD.15.2nd,29.4146553
UBQ7,I.HYD.15.2nd,22.18881744
UBQ7,I.HYD.15.2nd,22.4270352
UBQ7,I.HYD.15.2nd,22.01021974
UBQ14,I.HYD.15.2nd,26.07174337
UBQ14,I.HYD.15.2nd,25.89515902
UBQ14,I.HYD.15.2nd,26.1032518
HYD1,I.HYD.15.2nd,29.74021383
HYD1,I.HYD.15.2nd,29.21184405
HYD1,I.HYD.15.2nd,29.41000334
ACT7,I.HYD.15.4th,20.34403163
ACT7,I.HYD.15.4th,20.39029991
ACT7,I.HYD.15.4th,20.41240073
TMN5,I.HYD.15.4th,29.04168422
TMN5,I.HYD.15.4th,29.53653509
TMN5,I.HYD.15.4th,29.4745841
PP2A1,I.HYD.15.4th,26.88393361
PP2A1,I.HYD.15.4th,26.25515812
PP2A1,I.HYD.15.4th,26.06953808
TBL6,I.HYD.15.4th,NaN
TBL6,I.HYD.15.4th,NaN
TBL6,I.HYD.15.4th,NaN
UBQ7,I.HYD.15.4th,21.95882814
UBQ7,I.HYD.15.4th,21.57121628
UBQ7,I.HYD.15.4th,21.8292358
UBQ14,I.HYD.15.4th,26.9566428
UBQ14,I.HYD.15.4th,27.56648871
UBQ14,I.HYD.15.4th,27.0774252
HYD1,I.HYD.15.4th,27.90199821
HYD1,I.HYD.15.4th,28.04075893
HYD1,I.HYD.15.4th,27.75436463
ACT7,I.HYD.16.2nd,21.4662522
ACT7,I.HYD.16.2nd,21.37815671
ACT7,I.HYD.16.2nd,21.38624111
TMN5,I.HYD.16.2nd,30.64278051
TMN5,I.HYD.16.2nd,30.46409494
TMN5,I.HYD.16.2nd,30.38948139
PP2A1,I.HYD.16.2nd,27.14611251
PP2A1,I.HYD.16.2nd,27.12731452
PP2A1,I.HYD.16.2nd,26.75973433
TBL6,I.HYD.16.2nd,28.78420319
TBL6,I.HYD.16.2nd,28.97132736
TBL6,I.HYD.16.2nd,29.24861679
UBQ7,I.HYD.16.2nd,21.63522877
UBQ7,I.HYD.16.2nd,21.75943967
UBQ7,I.HYD.16.2nd,22.08424592
UBQ14,I.HYD.16.2nd,26.33929928
UBQ14,I.HYD.16.2nd,26.52993055
UBQ14,I.HYD.16.2nd,26.33005172
HYD1,I.HYD.16.2nd,30.14795706
HYD1,I.HYD.16.2nd,29.76090468
HYD1,I.HYD.16.2nd,29.90051659
ACT7,I.HYD.17.2nd,23.82250194
ACT7,I.HYD.17.2nd,23.35125122
ACT7,I.HYD.17.2nd,23.54663072
TMN5,I.HYD.17.2nd,33.17373785
TMN5,I.HYD.17.2nd,33.63028111
TMN5,I.HYD.17.2nd,33.43498848
PP2A1,I.HYD.17.2nd,30.78479643
PP2A1,I.HYD.17.2nd,30.94936981
PP2A1,I.HYD.17.2nd,30.46549123
TBL6,I.HYD.17.2nd,NaN
TBL6,I.HYD.17.2nd,NaN
TBL6,I.HYD.17.2nd,NaN
UBQ7,I.HYD.17.2nd,25.51021306
UBQ7,I.HYD.17.2nd,25.75450042
UBQ7,I.HYD.17.2nd,25.48074984
UBQ14,I.HYD.17.2nd,30.33557516
UBQ14,I.HYD.17.2nd,31.15660146
UBQ14,I.HYD.17.2nd,30.60103096
HYD1,I.HYD.17.2nd,34.32556741
HYD1,I.HYD.17.2nd,33.4039101
HYD1,I.HYD.17.2nd,33.12146133
ACT7,I.HYD.18.2nd,20.14895419
ACT7,I.HYD.18.2nd,20.88352923
ACT7,I.HYD.18.2nd,20.42941629
TMN5,I.HYD.18.2nd,28.5673942
TMN5,I.HYD.18.2nd,29.52297364
TMN5,I.HYD.18.2nd,28.54832796
PP2A1,I.HYD.18.2nd,26.24843945
PP2A1,I.HYD.18.2nd,26.02475341
PP2A1,I.HYD.18.2nd,26.50678692
TBL6,I.HYD.18.2nd,30.12131643
TBL6,I.HYD.18.2nd,28.86641947
TBL6,I.HYD.18.2nd,29.08741456
UBQ7,I.HYD.18.2nd,19.93432247
UBQ7,I.HYD.18.2nd,19.7047935
UBQ7,I.HYD.18.2nd,19.84866554
UBQ14,I.HYD.18.2nd,25.30440048
UBQ14,I.HYD.18.2nd,26.2736846
UBQ14,I.HYD.18.2nd,25.60603334
HYD1,I.HYD.18.2nd,28.52646715
HYD1,I.HYD.18.2nd,28.39223622
HYD1,I.HYD.18.2nd,28.74264253
ACT7,I.HYD.18.4th,22.14560122
ACT7,I.HYD.18.4th,22.12216595
ACT7,I.HYD.18.4th,22.25284425
TMN5,I.HYD.18.4th,31.29026238
TMN5,I.HYD.18.4th,31.71539513
TMN5,I.HYD.18.4th,31.5396812
PP2A1,I.HYD.18.4th,28.86819847
PP2A1,I.HYD.18.4th,28.69022461
PP2A1,I.HYD.18.4th,29.00449384
TBL6,I.HYD.18.4th,32.60656864
TBL6,I.HYD.18.4th,33.24304815
TBL6,I.HYD.18.4th,32.25509408
UBQ7,I.HYD.18.4th,23.4957611
UBQ7,I.HYD.18.4th,23.44728158
UBQ7,I.HYD.18.4th,23.68237793
UBQ14,I.HYD.18.4th,28.10195011
UBQ14,I.HYD.18.4th,28.34050651
UBQ14,I.HYD.18.4th,28.47730508
HYD1,I.HYD.18.4th,30.25136745
HYD1,I.HYD.18.4th,30.4769811
HYD1,I.HYD.18.4th,30.8798781
ACT7,I.HYD.19.4th,21.66847479
ACT7,I.HYD.19.4th,21.75153934
ACT7,I.HYD.19.4th,21.6780716
TMN5,I.HYD.19.4th,31.89996641
TMN5,I.HYD.19.4th,31.79505376
TMN5,I.HYD.19.4th,32.00232117
PP2A1,I.HYD.19.4th,27.92761047
PP2A1,I.HYD.19.4th,27.56700815
PP2A1,I.HYD.19.4th,27.5016065
TBL6,I.HYD.19.4th,NaN
TBL6,I.HYD.19.4th,NaN
TBL6,I.HYD.19.4th,NaN
UBQ7,I.HYD.19.4th,24.06852645
UBQ7,I.HYD.19.4th,23.68210933
UBQ7,I.HYD.19.4th,23.47043413
UBQ14,I.HYD.19.4th,29.01556336
UBQ14,I.HYD.19.4th,28.89010417
UBQ14,I.HYD.19.4th,29.24207315
HYD1,I.HYD.19.4th,31.07624641
HYD1,I.HYD.19.4th,31.9216501
HYD1,I.HYD.19.4th,31.98309764
ACT7,I.HYD.2.2nd,21.05993478
ACT7,I.HYD.2.2nd,20.88828888
ACT7,I.HYD.2.2nd,20.9777542
TMN5,I.HYD.2.2nd,29.3571983
TMN5,I.HYD.2.2nd,29.10873122
TMN5,I.HYD.2.2nd,30.0429824
PP2A1,I.HYD.2.2nd,25.78485129
PP2A1,I.HYD.2.2nd,26.59060276
PP2A1,I.HYD.2.2nd,26.50062982
TBL6,I.HYD.2.2nd,NaN
TBL6,I.HYD.2.2nd,NaN
TBL6,I.HYD.2.2nd,NaN
UBQ7,I.HYD.2.2nd,21.49439011
UBQ7,I.HYD.2.2nd,21.4319505
UBQ7,I.HYD.2.2nd,21.6808443
UBQ14,I.HYD.2.2nd,26.09116518
UBQ14,I.HYD.2.2nd,26.09223539
UBQ14,I.HYD.2.2nd,26.19566753
HYD1,I.HYD.2.2nd,29.5942354
HYD1,I.HYD.2.2nd,29.66229007
HYD1,I.HYD.2.2nd,29.52222681
ACT7,I.HYD.2.4th,20.79524803
ACT7,I.HYD.2.4th,20.84345696
ACT7,I.HYD.2.4th,20.80333549
TMN5,I.HYD.2.4th,29.14608094
TMN5,I.HYD.2.4th,29.13038111
TMN5,I.HYD.2.4th,29.00143131
PP2A1,I.HYD.2.4th,26.12795438
PP2A1,I.HYD.2.4th,26.55308804
PP2A1,I.HYD.2.4th,26.12974358
TBL6,I.HYD.2.4th,NaN
TBL6,I.HYD.2.4th,NaN
TBL6,I.HYD.2.4th,NaN
UBQ7,I.HYD.2.4th,20.54594679
UBQ7,I.HYD.2.4th,20.59005604
UBQ7,I.HYD.2.4th,20.90371615
UBQ14,I.HYD.2.4th,26.47171034
UBQ14,I.HYD.2.4th,26.17231641
UBQ14,I.HYD.2.4th,26.51636079
HYD1,I.HYD.2.4th,28.57692097
HYD1,I.HYD.2.4th,29.02468755
HYD1,I.HYD.2.4th,28.917827
ACT7,I.HYD.20.2nd,23.01653368
ACT7,I.HYD.20.2nd,22.99600862
ACT7,I.HYD.20.2nd,22.84143247
TMN5,I.HYD.20.2nd,31.38029849
TMN5,I.HYD.20.2nd,32.59549746
TMN5,I.HYD.20.2nd,32.14531877
PP2A1,I.HYD.20.2nd,29.246049
PP2A1,I.HYD.20.2nd,28.80555845
PP2A1,I.HYD.20.2nd,28.96880609
TBL6,I.HYD.20.2nd,NaN
TBL6,I.HYD.20.2nd,NaN
TBL6,I.HYD.20.2nd,NaN
UBQ7,I.HYD.20.2nd,23.59065782
UBQ7,I.HYD.20.2nd,23.94699733
UBQ7,I.HYD.20.2nd,23.60821617
UBQ14,I.HYD.20.2nd,28.1783681
UBQ14,I.HYD.20.2nd,28.3708176
UBQ14,I.HYD.20.2nd,28.5859497
HYD1,I.HYD.20.2nd,30.33847916
HYD1,I.HYD.20.2nd,30.65392692
HYD1,I.HYD.20.2nd,30.42768822
ACT7,I.HYD.20.4th,27.27254101
ACT7,I.HYD.20.4th,27.42738515
ACT7,I.HYD.20.4th,27.35111018
TMN5,I.HYD.20.4th,36.77335261
TMN5,I.HYD.20.4th,36.18474052
TMN5,I.HYD.20.4th,37.22626466
PP2A1,I.HYD.20.4th,34.63804425
PP2A1,I.HYD.20.4th,34.50649796
PP2A1,I.HYD.20.4th,34.2214824
TBL6,I.HYD.20.4th,34.70988079
TBL6,I.HYD.20.4th,35.75943028
TBL6,I.HYD.20.4th,NaN
UBQ7,I.HYD.20.4th,32.80801328
UBQ7,I.HYD.20.4th,33.23472032
UBQ7,I.HYD.20.4th,33.34939068
UBQ14,I.HYD.20.4th,29.64988304
UBQ14,I.HYD.20.4th,30.08854259
UBQ14,I.HYD.20.4th,29.9405381
HYD1,I.HYD.20.4th,36.97218742
HYD1,I.HYD.20.4th,34.15817133
HYD1,I.HYD.20.4th,35.73193253
ACT7,I.HYD.21.2nd,21.61471876
ACT7,I.HYD.21.2nd,21.34134855
ACT7,I.HYD.21.2nd,21.1994269
TMN5,I.HYD.21.2nd,29.38347735
TMN5,I.HYD.21.2nd,30.1179695
TMN5,I.HYD.21.2nd,30.30082686
PP2A1,I.HYD.21.2nd,28.5310264
PP2A1,I.HYD.21.2nd,28.46050787
PP2A1,I.HYD.21.2nd,28.51560183
TBL6,I.HYD.21.2nd,32.21136174
TBL6,I.HYD.21.2nd,31.7547261
TBL6,I.HYD.21.2nd,31.18152739
UBQ7,I.HYD.21.2nd,29.8554591
UBQ7,I.HYD.21.2nd,29.38672734
UBQ7,I.HYD.21.2nd,28.78337162
UBQ14,I.HYD.21.2nd,24.49407277
UBQ14,I.HYD.21.2nd,25.19068386
UBQ14,I.HYD.21.2nd,24.8993046
HYD1,I.HYD.21.2nd,32.22926041
HYD1,I.HYD.21.2nd,31.73526642
HYD1,I.HYD.21.2nd,32.18088331
ACT7,I.HYD.21.4th,23.02295586
ACT7,I.HYD.21.4th,22.70824515
ACT7,I.HYD.21.4th,22.60523993
TMN5,I.HYD.21.4th,32.22696774
TMN5,I.HYD.21.4th,32.01257629
TMN5,I.HYD.21.4th,32.61145816
PP2A1,I.HYD.21.4th,28.87629277
PP2A1,I.HYD.21.4th,28.23243291
PP2A1,I.HYD.21.4th,28.54483968
TBL6,I.HYD.21.4th,33.1168958
TBL6,I.HYD.21.4th,33.43282992
TBL6,I.HYD.21.4th,32.57319652
UBQ7,I.HYD.21.4th,30.02567595
UBQ7,I.HYD.21.4th,29.44614307
UBQ7,I.HYD.21.4th,29.18863214
UBQ14,I.HYD.21.4th,24.31594354
UBQ14,I.HYD.21.4th,24.70525646
UBQ14,I.HYD.21.4th,24.38105753
HYD1,I.HYD.21.4th,35.57157044
HYD1,I.HYD.21.4th,34.38694377
HYD1,I.HYD.21.4th,34.30112178
ACT7,I.HYD.22.2nd,23.79903923
ACT7,I.HYD.22.2nd,23.7915758
ACT7,I.HYD.22.2nd,24.26277923
TMN5,I.HYD.22.2nd,33.48601442
TMN5,I.HYD.22.2nd,34.05164225
TMN5,I.HYD.22.2nd,35.66202408
PP2A1,I.HYD.22.2nd,28.3974156
PP2A1,I.HYD.22.2nd,28.72138527
PP2A1,I.HYD.22.2nd,28.59532134
TBL6,I.HYD.22.2nd,30.40770414
TBL6,I.HYD.22.2nd,30.67403512
TBL6,I.HYD.22.2nd,30.35985439
UBQ7,I.HYD.22.2nd,29.05165452
UBQ7,I.HYD.22.2nd,29.89071616
UBQ7,I.HYD.22.2nd,29.64622853
UBQ14,I.HYD.22.2nd,23.24490045
UBQ14,I.HYD.22.2nd,23.20343656
UBQ14,I.HYD.22.2nd,23.09791971
HYD1,I.HYD.22.2nd,33.40942366
HYD1,I.HYD.22.2nd,33.32151337
HYD1,I.HYD.22.2nd,34.13881985
ACT7,I.HYD.22.4th,21.27422624
ACT7,I.HYD.22.4th,21.38083137
ACT7,I.HYD.22.4th,21.43752906
TMN5,I.HYD.22.4th,30.6104499
TMN5,I.HYD.22.4th,30.83795093
TMN5,I.HYD.22.4th,31.27482419
PP2A1,I.HYD.22.4th,26.90801828
PP2A1,I.HYD.22.4th,26.80502951
PP2A1,I.HYD.22.4th,26.85866249
TBL6,I.HYD.22.4th,28.51187474
TBL6,I.HYD.22.4th,28.38270516
TBL6,I.HYD.22.4th,28.85307999
UBQ7,I.HYD.22.4th,21.42369669
UBQ7,I.HYD.22.4th,21.30866348
UBQ7,I.HYD.22.4th,21.02676248
UBQ14,I.HYD.22.4th,26.50818511
UBQ14,I.HYD.22.4th,26.12309342
UBQ14,I.HYD.22.4th,26.18589999
HYD1,I.HYD.22.4th,28.04730779
HYD1,I.HYD.22.4th,28.12801464
HYD1,I.HYD.22.4th,28.1248917
ACT7,I.HYD.23.2nd,20.86527436
ACT7,I.HYD.23.2nd,20.32858378
ACT7,I.HYD.23.2nd,20.26193941
TMN5,I.HYD.23.2nd,29.45411389
TMN5,I.HYD.23.2nd,30.21413663
TMN5,I.HYD.23.2nd,31.59224184
PP2A1,I.HYD.23.2nd,27.1000953
PP2A1,I.HYD.23.2nd,27.12998149
PP2A1,I.HYD.23.2nd,27.32833414
TBL6,I.HYD.23.2nd,31.21255125
TBL6,I.HYD.23.2nd,30.50564545
TBL6,I.HYD.23.2nd,31.02726922
UBQ7,I.HYD.23.2nd,22.43328543
UBQ7,I.HYD.23.2nd,21.72681942
UBQ7,I.HYD.23.2nd,21.54056347
UBQ14,I.HYD.23.2nd,26.74498911
UBQ14,I.HYD.23.2nd,26.89649366
UBQ14,I.HYD.23.2nd,27.02560239
HYD1,I.HYD.23.2nd,30.87911507
HYD1,I.HYD.23.2nd,30.15326377
HYD1,I.HYD.23.2nd,30.76133754
ACT7,I.HYD.23.4th,19.81510924
ACT7,I.HYD.23.4th,19.59741959
ACT7,I.HYD.23.4th,19.52266541
TMN5,I.HYD.23.4th,27.48880659
TMN5,I.HYD.23.4th,28.44084392
TMN5,I.HYD.23.4th,28.27421866
PP2A1,I.HYD.23.4th,25.31397144
PP2A1,I.HYD.23.4th,25.04962541
PP2A1,I.HYD.23.4th,25.31074252
TBL6,I.HYD.23.4th,27.95868679
TBL6,I.HYD.23.4th,27.92056786
TBL6,I.HYD.23.4th,27.6328318
UBQ7,I.HYD.23.4th,20.20345376
UBQ7,I.HYD.23.4th,21.42258118
UBQ7,I.HYD.23.4th,39.7322506
UBQ14,I.HYD.23.4th,25.13168879
UBQ14,I.HYD.23.4th,25.10754222
UBQ14,I.HYD.23.4th,25.14024443
HYD1,I.HYD.23.4th,28.10429803
HYD1,I.HYD.23.4th,28.33363906
HYD1,I.HYD.23.4th,28.29951671
ACT7,I.HYD.24.2nd,20.81714008
ACT7,I.HYD.24.2nd,22.09215141
ACT7,I.HYD.24.2nd,21.01316441
TMN5,I.HYD.24.2nd,29.87714077
TMN5,I.HYD.24.2nd,31.55929172
TMN5,I.HYD.24.2nd,30.12623812
PP2A1,I.HYD.24.2nd,27.91436364
PP2A1,I.HYD.24.2nd,27.48095248
PP2A1,I.HYD.24.2nd,28.28314933
TBL6,I.HYD.24.2nd,30.51443095
TBL6,I.HYD.24.2nd,31.08436185
TBL6,I.HYD.24.2nd,30.61938626
UBQ7,I.HYD.24.2nd,23.01115924
UBQ7,I.HYD.24.2nd,21.58332351
UBQ7,I.HYD.24.2nd,21.53744399
UBQ14,I.HYD.24.2nd,26.37384039
UBQ14,I.HYD.24.2nd,29.43608621
UBQ14,I.HYD.24.2nd,26.55329373
HYD1,I.HYD.24.2nd,30.78170327
HYD1,I.HYD.24.2nd,30.61110069
HYD1,I.HYD.24.2nd,30.76628766
ACT7,I.HYD.25.2nd,23.59054127
ACT7,I.HYD.25.2nd,23.58414631
ACT7,I.HYD.25.2nd,23.93573006
TMN5,I.HYD.25.2nd,32.28873989
TMN5,I.HYD.25.2nd,32.98943333
TMN5,I.HYD.25.2nd,32.24327475
PP2A1,I.HYD.25.2nd,30.29792321
PP2A1,I.HYD.25.2nd,29.6005795
PP2A1,I.HYD.25.2nd,30.01196107
TBL6,I.HYD.25.2nd,33.15942854
TBL6,I.HYD.25.2nd,33.47298026
TBL6,I.HYD.25.2nd,33.08474585
UBQ7,I.HYD.25.2nd,24.40158896
UBQ7,I.HYD.25.2nd,24.10809546
UBQ7,I.HYD.25.2nd,23.79305434
UBQ14,I.HYD.25.2nd,28.97548916
UBQ14,I.HYD.25.2nd,28.96096414
UBQ14,I.HYD.25.2nd,29.09207792
HYD1,I.HYD.25.2nd,31.19434793
HYD1,I.HYD.25.2nd,31.04400993
HYD1,I.HYD.25.2nd,31.11784259
ACT7,I.HYD.26.2nd,20.47513964
ACT7,I.HYD.26.2nd,20.51664203
ACT7,I.HYD.26.2nd,20.64628222
TMN5,I.HYD.26.2nd,28.85964029
TMN5,I.HYD.26.2nd,29.11330406
TMN5,I.HYD.26.2nd,28.97111567
PP2A1,I.HYD.26.2nd,26.22757437
PP2A1,I.HYD.26.2nd,26.38454427
PP2A1,I.HYD.26.2nd,26.37428983
TBL6,I.HYD.26.2nd,28.23654666
TBL6,I.HYD.26.2nd,28.35773584
TBL6,I.HYD.26.2nd,28.54449607
UBQ7,I.HYD.26.2nd,19.89904447
UBQ7,I.HYD.26.2nd,20.13500779
UBQ7,I.HYD.26.2nd,20.32315208
UBQ14,I.HYD.26.2nd,25.5495929
UBQ14,I.HYD.26.2nd,25.67594845
UBQ14,I.HYD.26.2nd,25.8491158
HYD1,I.HYD.26.2nd,29.41645352
HYD1,I.HYD.26.2nd,30.14870755
HYD1,I.HYD.26.2nd,29.84286331
ACT7,I.HYD.26.4th,20.22196111
ACT7,I.HYD.26.4th,20.23695049
ACT7,I.HYD.26.4th,20.28405649
TMN5,I.HYD.26.4th,28.19109383
TMN5,I.HYD.26.4th,28.41277355
TMN5,I.HYD.26.4th,28.35339328
PP2A1,I.HYD.26.4th,26.19857789
PP2A1,I.HYD.26.4th,26.01799369
PP2A1,I.HYD.26.4th,26.09100689
TBL6,I.HYD.26.4th,NaN
TBL6,I.HYD.26.4th,NaN
TBL6,I.HYD.26.4th,NaN
UBQ7,I.HYD.26.4th,20.72820626
UBQ7,I.HYD.26.4th,20.23732887
UBQ7,I.HYD.26.4th,20.4295971
UBQ14,I.HYD.26.4th,25.39899391
UBQ14,I.HYD.26.4th,25.58985897
UBQ14,I.HYD.26.4th,25.63920325
HYD1,I.HYD.26.4th,25.90209899
HYD1,I.HYD.26.4th,25.57301252
HYD1,I.HYD.26.4th,25.7946429
ACT7,I.HYD.27.2nd,20.73832597
ACT7,I.HYD.27.2nd,20.30021643
ACT7,I.HYD.27.2nd,20.23167866
TMN5,I.HYD.27.2nd,29.83277928
TMN5,I.HYD.27.2nd,29.84008691
TMN5,I.HYD.27.2nd,30.92501161
PP2A1,I.HYD.27.2nd,26.52624461
PP2A1,I.HYD.27.2nd,26.48380816
PP2A1,I.HYD.27.2nd,26.54941366
TBL6,I.HYD.27.2nd,NaN
TBL6,I.HYD.27.2nd,NaN
TBL6,I.HYD.27.2nd,NaN
UBQ7,I.HYD.27.2nd,22.03254452
UBQ7,I.HYD.27.2nd,21.52197959
UBQ7,I.HYD.27.2nd,21.44742351
UBQ14,I.HYD.27.2nd,26.2179385
UBQ14,I.HYD.27.2nd,26.10212834
UBQ14,I.HYD.27.2nd,26.18731324
HYD1,I.HYD.27.2nd,29.00615407
HYD1,I.HYD.27.2nd,28.73521274
HYD1,I.HYD.27.2nd,28.7025226
ACT7,I.HYD.27.4th,20.66679904
ACT7,I.HYD.27.4th,20.67393397
ACT7,I.HYD.27.4th,20.61390038
TMN5,I.HYD.27.4th,30.35230556
TMN5,I.HYD.27.4th,30.57440007
TMN5,I.HYD.27.4th,30.73495578
PP2A1,I.HYD.27.4th,26.52159477
PP2A1,I.HYD.27.4th,26.28386316
PP2A1,I.HYD.27.4th,26.18743174
TBL6,I.HYD.27.4th,NaN
TBL6,I.HYD.27.4th,NaN
TBL6,I.HYD.27.4th,NaN
UBQ7,I.HYD.27.4th,21.52086002
UBQ7,I.HYD.27.4th,21.41090336
UBQ7,I.HYD.27.4th,21.63693114
UBQ14,I.HYD.27.4th,26.93269024
UBQ14,I.HYD.27.4th,27.4240366
UBQ14,I.HYD.27.4th,27.17918782
HYD1,I.HYD.27.4th,29.69306317
HYD1,I.HYD.27.4th,29.29037137
HYD1,I.HYD.27.4th,29.46178347
ACT7,I.HYD.28.2nd,21.82796983
ACT7,I.HYD.28.2nd,21.87673973
ACT7,I.HYD.28.2nd,21.9978741
TMN5,I.HYD.28.2nd,30.74109042
TMN5,I.HYD.28.2nd,30.74665487
TMN5,I.HYD.28.2nd,31.13065956
PP2A1,I.HYD.28.2nd,26.64283908
PP2A1,I.HYD.28.2nd,27.35048734
PP2A1,I.HYD.28.2nd,26.96794412
TBL6,I.HYD.28.2nd,NaN
TBL6,I.HYD.28.2nd,NaN
TBL6,I.HYD.28.2nd,NaN
UBQ7,I.HYD.28.2nd,22.53853641
UBQ7,I.HYD.28.2nd,22.427773
UBQ7,I.HYD.28.2nd,22.82442903
UBQ14,I.HYD.28.2nd,27.05338319
UBQ14,I.HYD.28.2nd,26.94520973
UBQ14,I.HYD.28.2nd,27.00805135
HYD1,I.HYD.28.2nd,30.1058791
HYD1,I.HYD.28.2nd,30.32011895
HYD1,I.HYD.28.2nd,30.1373725
ACT7,I.HYD.28.4th,23.66959838
ACT7,I.HYD.28.4th,23.85417207
ACT7,I.HYD.28.4th,23.73259733
TMN5,I.HYD.28.4th,33.21231656
TMN5,I.HYD.28.4th,32.78035509
TMN5,I.HYD.28.4th,32.56997697
PP2A1,I.HYD.28.4th,29.55149557
PP2A1,I.HYD.28.4th,29.60638406
PP2A1,I.HYD.28.4th,29.27975529
TBL6,I.HYD.28.4th,NaN
TBL6,I.HYD.28.4th,NaN
TBL6,I.HYD.28.4th,NaN
UBQ7,I.HYD.28.4th,23.95998061
UBQ7,I.HYD.28.4th,24.04328948
UBQ7,I.HYD.28.4th,24.00985488
UBQ14,I.HYD.28.4th,29.85794723
UBQ14,I.HYD.28.4th,29.41766196
UBQ14,I.HYD.28.4th,30.00515417
HYD1,I.HYD.28.4th,30.42915474
HYD1,I.HYD.28.4th,31.11837133
HYD1,I.HYD.28.4th,30.68740266
ACT7,I.HYD.3.2nd,20.86267659
ACT7,I.HYD.3.2nd,20.75035509
ACT7,I.HYD.3.2nd,21.07478815
TMN5,I.HYD.3.2nd,31.13622143
TMN5,I.HYD.3.2nd,31.03567009
TMN5,I.HYD.3.2nd,30.9645875
PP2A1,I.HYD.3.2nd,27.33830752
PP2A1,I.HYD.3.2nd,26.77331409
PP2A1,I.HYD.3.2nd,26.89048478
TBL6,I.HYD.3.2nd,NaN
TBL6,I.HYD.3.2nd,NaN
TBL6,I.HYD.3.2nd,NaN
UBQ7,I.HYD.3.2nd,22.40641251
UBQ7,I.HYD.3.2nd,22.46829231
UBQ7,I.HYD.3.2nd,22.31187543
UBQ14,I.HYD.3.2nd,27.09653819
UBQ14,I.HYD.3.2nd,27.0743201
UBQ14,I.HYD.3.2nd,27.52358384
HYD1,I.HYD.3.2nd,30.90012486
HYD1,I.HYD.3.2nd,30.89973581
HYD1,I.HYD.3.2nd,31.101221
ACT7,I.HYD.3.4th,26.16386355
ACT7,I.HYD.3.4th,25.77582498
ACT7,I.HYD.3.4th,25.7268121
TMN5,I.HYD.3.4th,34.59106519
TMN5,I.HYD.3.4th,34.92490867
TMN5,I.HYD.3.4th,34.29820204
PP2A1,I.HYD.3.4th,33.65966682
PP2A1,I.HYD.3.4th,33.50480276
PP2A1,I.HYD.3.4th,34.63784271
TBL6,I.HYD.3.4th,34.42647377
TBL6,I.HYD.3.4th,NaN
TBL6,I.HYD.3.4th,36.7354794
UBQ7,I.HYD.3.4th,34.26174131
UBQ7,I.HYD.3.4th,34.45161928
UBQ7,I.HYD.3.4th,35.42445322
UBQ14,I.HYD.3.4th,31.10446843
UBQ14,I.HYD.3.4th,31.17044943
UBQ14,I.HYD.3.4th,31.12695272
HYD1,I.HYD.3.4th,35.24253824
HYD1,I.HYD.3.4th,35.96786654
HYD1,I.HYD.3.4th,35.25660434
ACT7,I.HYD.4.2nd,21.45519628
ACT7,I.HYD.4.2nd,21.39590995
ACT7,I.HYD.4.2nd,21.55062604
TMN5,I.HYD.4.2nd,29.88397046
TMN5,I.HYD.4.2nd,30.00477322
TMN5,I.HYD.4.2nd,30.50768348
PP2A1,I.HYD.4.2nd,27.95987657
PP2A1,I.HYD.4.2nd,28.00153523
PP2A1,I.HYD.4.2nd,27.33925901
TBL6,I.HYD.4.2nd,30.76195147
TBL6,I.HYD.4.2nd,30.14641902
TBL6,I.HYD.4.2nd,31.09920378
UBQ7,I.HYD.4.2nd,26.95541005
UBQ7,I.HYD.4.2nd,27.02967899
UBQ7,I.HYD.4.2nd,27.26361121
UBQ14,I.HYD.4.2nd,22.60058351
UBQ14,I.HYD.4.2nd,22.59929373
UBQ14,I.HYD.4.2nd,22.74407699
HYD1,I.HYD.4.2nd,28.12967024
HYD1,I.HYD.4.2nd,28.13363936
HYD1,I.HYD.4.2nd,28.16008199
ACT7,I.HYD.4.4th,22.07539946
ACT7,I.HYD.4.4th,22.07490784
ACT7,I.HYD.4.4th,22.16966946
TMN5,I.HYD.4.4th,30.25963409
TMN5,I.HYD.4.4th,30.58301998
TMN5,I.HYD.4.4th,30.75834743
PP2A1,I.HYD.4.4th,27.82194306
PP2A1,I.HYD.4.4th,28.34244292
PP2A1,I.HYD.4.4th,28.51386884
TBL6,I.HYD.4.4th,32.15478421
TBL6,I.HYD.4.4th,32.04171912
TBL6,I.HYD.4.4th,NaN
UBQ7,I.HYD.4.4th,27.79618953
UBQ7,I.HYD.4.4th,28.10262934
UBQ7,I.HYD.4.4th,28.12621703
UBQ14,I.HYD.4.4th,23.69433019
UBQ14,I.HYD.4.4th,23.83350418
UBQ14,I.HYD.4.4th,23.69531542
HYD1,I.HYD.4.4th,29.97098089
HYD1,I.HYD.4.4th,29.76811717
HYD1,I.HYD.4.4th,30.1703592
ACT7,I.HYD.5.2nd,22.00661927
ACT7,I.HYD.5.2nd,21.60241969
ACT7,I.HYD.5.2nd,21.51898357
TMN5,I.HYD.5.2nd,30.43290699
TMN5,I.HYD.5.2nd,30.77860526
TMN5,I.HYD.5.2nd,30.70289619
PP2A1,I.HYD.5.2nd,27.19766159
PP2A1,I.HYD.5.2nd,27.44805216
PP2A1,I.HYD.5.2nd,27.48307191
TBL6,I.HYD.5.2nd,30.52241307
TBL6,I.HYD.5.2nd,31.07642532
TBL6,I.HYD.5.2nd,31.56357555
UBQ7,I.HYD.5.2nd,26.90747649
UBQ7,I.HYD.5.2nd,26.94527701
UBQ7,I.HYD.5.2nd,26.73117763
UBQ14,I.HYD.5.2nd,23.19556122
UBQ14,I.HYD.5.2nd,23.02740674
UBQ14,I.HYD.5.2nd,23.03571488
HYD1,I.HYD.5.2nd,30.84648073
HYD1,I.HYD.5.2nd,30.15137719
HYD1,I.HYD.5.2nd,30.14848912
ACT7,I.HYD.5.4th,21.31418936
ACT7,I.HYD.5.4th,20.99154754
ACT7,I.HYD.5.4th,20.94821332
TMN5,I.HYD.5.4th,31.00987801
TMN5,I.HYD.5.4th,30.74956232
TMN5,I.HYD.5.4th,31.32765
PP2A1,I.HYD.5.4th,27.79248412
PP2A1,I.HYD.5.4th,28.06785698
PP2A1,I.HYD.5.4th,28.11792769
TBL6,I.HYD.5.4th,31.72082323
TBL6,I.HYD.5.4th,31.81295349
TBL6,I.HYD.5.4th,31.33392111
UBQ7,I.HYD.5.4th,21.9541736
UBQ7,I.HYD.5.4th,21.96501479
UBQ7,I.HYD.5.4th,21.9037433
UBQ14,I.HYD.5.4th,27.28056499
UBQ14,I.HYD.5.4th,27.33884823
UBQ14,I.HYD.5.4th,27.48457448
HYD1,I.HYD.5.4th,32.08052381
HYD1,I.HYD.5.4th,32.33561832
HYD1,I.HYD.5.4th,31.84596112
ACT7,I.HYD.6.2nd,21.83257093
ACT7,I.HYD.6.2nd,21.72874433
ACT7,I.HYD.6.2nd,21.82412814
TMN5,I.HYD.6.2nd,30.69824019
TMN5,I.HYD.6.2nd,31.23450215
TMN5,I.HYD.6.2nd,31.07511469
PP2A1,I.HYD.6.2nd,26.26816941
PP2A1,I.HYD.6.2nd,26.9003405
PP2A1,I.HYD.6.2nd,26.7781584
TBL6,I.HYD.6.2nd,28.0595438
TBL6,I.HYD.6.2nd,28.06861416
TBL6,I.HYD.6.2nd,28.55397442
UBQ7,I.HYD.6.2nd,20.6593292
UBQ7,I.HYD.6.2nd,20.48314582
UBQ7,I.HYD.6.2nd,20.84657189
UBQ14,I.HYD.6.2nd,27.05497217
UBQ14,I.HYD.6.2nd,26.95339318
UBQ14,I.HYD.6.2nd,27.17395577
HYD1,I.HYD.6.2nd,31.52205647
HYD1,I.HYD.6.2nd,31.069397
HYD1,I.HYD.6.2nd,31.3138234
ACT7,I.HYD.6.4th,20.64951419
ACT7,I.HYD.6.4th,21.715576
ACT7,I.HYD.6.4th,21.10094121
TMN5,I.HYD.6.4th,29.12102616
TMN5,I.HYD.6.4th,30.0662283
TMN5,I.HYD.6.4th,29.25568237
PP2A1,I.HYD.6.4th,27.1396339
PP2A1,I.HYD.6.4th,26.58427726
PP2A1,I.HYD.6.4th,27.71053354
TBL6,I.HYD.6.4th,29.83449186
TBL6,I.HYD.6.4th,29.76890787
TBL6,I.HYD.6.4th,29.8090243
UBQ7,I.HYD.6.4th,21.69237809
UBQ7,I.HYD.6.4th,21.57524369
UBQ7,I.HYD.6.4th,21.96059999
UBQ14,I.HYD.6.4th,26.42248554
UBQ14,I.HYD.6.4th,27.65007237
UBQ14,I.HYD.6.4th,26.74958994
HYD1,I.HYD.6.4th,29.82865649
HYD1,I.HYD.6.4th,29.8651219
HYD1,I.HYD.6.4th,29.95754051
ACT7,I.HYD.7.2nd,21.18292282
ACT7,I.HYD.7.2nd,20.53872675
ACT7,I.HYD.7.2nd,20.50241238
TMN5,I.HYD.7.2nd,30.02076265
TMN5,I.HYD.7.2nd,30.44512142
TMN5,I.HYD.7.2nd,31.73845223
PP2A1,I.HYD.7.2nd,26.40543274
PP2A1,I.HYD.7.2nd,26.18095617
PP2A1,I.HYD.7.2nd,26.24097131
TBL6,I.HYD.7.2nd,28.69098213
TBL6,I.HYD.7.2nd,29.10896309
TBL6,I.HYD.7.2nd,29.27360461
UBQ7,I.HYD.7.2nd,20.98854899
UBQ7,I.HYD.7.2nd,22.22980887
UBQ7,I.HYD.7.2nd,NaN
UBQ14,I.HYD.7.2nd,26.58795964
UBQ14,I.HYD.7.2nd,26.63042355
UBQ14,I.HYD.7.2nd,26.60111527
HYD1,I.HYD.7.2nd,30.48722009
HYD1,I.HYD.7.2nd,30.26501947
HYD1,I.HYD.7.2nd,30.0571208
ACT7,I.HYD.8.2nd,21.3207969
ACT7,I.HYD.8.2nd,21.38281377
ACT7,I.HYD.8.2nd,21.34298472
TMN5,I.HYD.8.2nd,30.65853208
TMN5,I.HYD.8.2nd,30.77312756
TMN5,I.HYD.8.2nd,30.72408775
PP2A1,I.HYD.8.2nd,27.94519471
PP2A1,I.HYD.8.2nd,27.68428569
PP2A1,I.HYD.8.2nd,27.32739705
TBL6,I.HYD.8.2nd,28.89197578
TBL6,I.HYD.8.2nd,29.10942467
TBL6,I.HYD.8.2nd,29.46560187
UBQ7,I.HYD.8.2nd,22.07093125
UBQ7,I.HYD.8.2nd,22.23641763
UBQ7,I.HYD.8.2nd,22.20244423
UBQ14,I.HYD.8.2nd,26.71597357
UBQ14,I.HYD.8.2nd,26.67219571
UBQ14,I.HYD.8.2nd,26.69911521
HYD1,I.HYD.8.2nd,29.88297326
HYD1,I.HYD.8.2nd,29.6386517
HYD1,I.HYD.8.2nd,29.7453705
ACT7,I.HYD.9.2nd,21.20739874
ACT7,I.HYD.9.2nd,21.16136365
ACT7,I.HYD.9.2nd,21.26410617
TMN5,I.HYD.9.2nd,30.07837833
TMN5,I.HYD.9.2nd,29.87521445
TMN5,I.HYD.9.2nd,29.61089668
PP2A1,I.HYD.9.2nd,26.81504684
PP2A1,I.HYD.9.2nd,26.53568999
PP2A1,I.HYD.9.2nd,26.18169638
TBL6,I.HYD.9.2nd,30.21020735
TBL6,I.HYD.9.2nd,30.53914023
TBL6,I.HYD.9.2nd,30.21194957
UBQ7,I.HYD.9.2nd,21.84404149
UBQ7,I.HYD.9.2nd,21.69233459
UBQ7,I.HYD.9.2nd,21.39966287
UBQ14,I.HYD.9.2nd,27.47064701
UBQ14,I.HYD.9.2nd,27.42096608
UBQ14,I.HYD.9.2nd,27.48320247
HYD1,I.HYD.9.2nd,28.4403416
HYD1,I.HYD.9.2nd,28.11743542
HYD1,I.HYD.9.2nd,28.26780058
ACT7,I.Unif.1.2nd,23.38026934
ACT7,I.Unif.1.2nd,22.92318755
ACT7,I.Unif.1.2nd,22.83744472
TMN5,I.Unif.1.2nd,32.25706753
TMN5,I.Unif.1.2nd,32.84533453
TMN5,I.Unif.1.2nd,33.04933363
PP2A1,I.Unif.1.2nd,30.98170252
PP2A1,I.Unif.1.2nd,30.63184706
PP2A1,I.Unif.1.2nd,30.58849155
TBL6,I.Unif.1.2nd,NaN
TBL6,I.Unif.1.2nd,NaN
TBL6,I.Unif.1.2nd,NaN
UBQ7,I.Unif.1.2nd,29.24709061
UBQ7,I.Unif.1.2nd,28.56322359
UBQ7,I.Unif.1.2nd,28.35259008
UBQ14,I.Unif.1.2nd,29.48895577
UBQ14,I.Unif.1.2nd,29.06377853
UBQ14,I.Unif.1.2nd,29.25363592
HYD1,I.Unif.1.2nd,29.24033269
HYD1,I.Unif.1.2nd,29.17857814
HYD1,I.Unif.1.2nd,29.33316094
ACT7,I.Unif.1.4th,21.060855
ACT7,I.Unif.1.4th,21.06427027
ACT7,I.Unif.1.4th,21.02116355
TMN5,I.Unif.1.4th,29.23037248
TMN5,I.Unif.1.4th,29.9113367
TMN5,I.Unif.1.4th,29.85111823
PP2A1,I.Unif.1.4th,27.18097115
PP2A1,I.Unif.1.4th,27.06804603
PP2A1,I.Unif.1.4th,27.09904803
TBL6,I.Unif.1.4th,NaN
TBL6,I.Unif.1.4th,NaN
TBL6,I.Unif.1.4th,NaN
UBQ7,I.Unif.1.4th,21.32427752
UBQ7,I.Unif.1.4th,21.06453213
UBQ7,I.Unif.1.4th,21.04530685
UBQ14,I.Unif.1.4th,27.13698727
UBQ14,I.Unif.1.4th,26.97479196
UBQ14,I.Unif.1.4th,27.16361762
HYD1,I.Unif.1.4th,26.56327708
HYD1,I.Unif.1.4th,26.50954491
HYD1,I.Unif.1.4th,26.58584414
ACT7,I.Unif.11.2nd,21.16071407
ACT7,I.Unif.11.2nd,21.11063228
ACT7,I.Unif.11.2nd,21.29526307
TMN5,I.Unif.11.2nd,29.93200824
TMN5,I.Unif.11.2nd,30.06687131
TMN5,I.Unif.11.2nd,30.35920993
PP2A1,I.Unif.11.2nd,27.16562253
PP2A1,I.Unif.11.2nd,26.48488314
PP2A1,I.Unif.11.2nd,26.52147904
TBL6,I.Unif.11.2nd,NaN
TBL6,I.Unif.11.2nd,NaN
TBL6,I.Unif.11.2nd,NaN
UBQ7,I.Unif.11.2nd,22.59480293
UBQ7,I.Unif.11.2nd,22.0051888
UBQ7,I.Unif.11.2nd,21.82738252
UBQ14,I.Unif.11.2nd,27.2492822
UBQ14,I.Unif.11.2nd,27.41074857
UBQ14,I.Unif.11.2nd,27.51659077
HYD1,I.Unif.11.2nd,27.7661713
HYD1,I.Unif.11.2nd,27.58496436
HYD1,I.Unif.11.2nd,27.50007781
ACT7,I.Unif.11.4th,21.76003341
ACT7,I.Unif.11.4th,21.44527334
ACT7,I.Unif.11.4th,21.44099051
TMN5,I.Unif.11.4th,28.52771425
TMN5,I.Unif.11.4th,28.96104793
TMN5,I.Unif.11.4th,29.09531878
PP2A1,I.Unif.11.4th,28.88819499
PP2A1,I.Unif.11.4th,28.82169096
PP2A1,I.Unif.11.4th,28.59399362
TBL6,I.Unif.11.4th,30.33116709
TBL6,I.Unif.11.4th,30.38457668
TBL6,I.Unif.11.4th,31.13940612
UBQ7,I.Unif.11.4th,28.66834218
UBQ7,I.Unif.11.4th,29.13076302
UBQ7,I.Unif.11.4th,29.04518763
UBQ14,I.Unif.11.4th,24.19725669
UBQ14,I.Unif.11.4th,24.50870942
UBQ14,I.Unif.11.4th,24.65420336
HYD1,I.Unif.11.4th,28.90421187
HYD1,I.Unif.11.4th,28.51519983
HYD1,I.Unif.11.4th,28.27475545
ACT7,I.Unif.12.2nd,21.70040704
ACT7,I.Unif.12.2nd,21.75631989
ACT7,I.Unif.12.2nd,22.11114042
TMN5,I.Unif.12.2nd,30.93331227
TMN5,I.Unif.12.2nd,30.98339073
TMN5,I.Unif.12.2nd,30.98260525
PP2A1,I.Unif.12.2nd,27.93610075
PP2A1,I.Unif.12.2nd,28.12227529
PP2A1,I.Unif.12.2nd,28.19147411
TBL6,I.Unif.12.2nd,NaN
TBL6,I.Unif.12.2nd,NaN
TBL6,I.Unif.12.2nd,NaN
UBQ7,I.Unif.12.2nd,22.69638253
UBQ7,I.Unif.12.2nd,22.7800159
UBQ7,I.Unif.12.2nd,22.88028862
UBQ14,I.Unif.12.2nd,27.19897581
UBQ14,I.Unif.12.2nd,27.39440422
UBQ14,I.Unif.12.2nd,27.61804729
HYD1,I.Unif.12.2nd,28.73612986
HYD1,I.Unif.12.2nd,28.78843826
HYD1,I.Unif.12.2nd,29.03264318
ACT7,I.Unif.12.4th,22.93302568
ACT7,I.Unif.12.4th,22.91581855
ACT7,I.Unif.12.4th,23.00180027
TMN5,I.Unif.12.4th,31.79232323
TMN5,I.Unif.12.4th,31.33985586
TMN5,I.Unif.12.4th,31.82454011
PP2A1,I.Unif.12.4th,29.47506041
PP2A1,I.Unif.12.4th,29.33234417
PP2A1,I.Unif.12.4th,29.05102568
TBL6,I.Unif.12.4th,NaN
TBL6,I.Unif.12.4th,NaN
TBL6,I.Unif.12.4th,NaN
UBQ7,I.Unif.12.4th,24.65771732
UBQ7,I.Unif.12.4th,24.78350403
UBQ7,I.Unif.12.4th,24.78228862
UBQ14,I.Unif.12.4th,30.05007701
UBQ14,I.Unif.12.4th,30.08323534
UBQ14,I.Unif.12.4th,30.16470469
HYD1,I.Unif.12.4th,28.92358468
HYD1,I.Unif.12.4th,28.71158118
HYD1,I.Unif.12.4th,29.20432294
ACT7,I.Unif.13.2nd,22.82042457
ACT7,I.Unif.13.2nd,22.3015188
ACT7,I.Unif.13.2nd,22.2456967
TMN5,I.Unif.13.2nd,30.5654431
TMN5,I.Unif.13.2nd,31.00552144
TMN5,I.Unif.13.2nd,31.07730047
PP2A1,I.Unif.13.2nd,28.66122777
PP2A1,I.Unif.13.2nd,28.22370775
PP2A1,I.Unif.13.2nd,28.15411936
TBL6,I.Unif.13.2nd,31.42471945
TBL6,I.Unif.13.2nd,31.11863295
TBL6,I.Unif.13.2nd,31.75277065
UBQ7,I.Unif.13.2nd,27.66298043
UBQ7,I.Unif.13.2nd,27.7806711
UBQ7,I.Unif.13.2nd,27.71598378
UBQ14,I.Unif.13.2nd,23.33678774
UBQ14,I.Unif.13.2nd,23.31806202
UBQ14,I.Unif.13.2nd,23.24934114
HYD1,I.Unif.13.2nd,27.93623577
HYD1,I.Unif.13.2nd,27.53176251
HYD1,I.Unif.13.2nd,27.4531268
ACT7,I.Unif.15.2nd,21.98295492
ACT7,I.Unif.15.2nd,21.29698347
ACT7,I.Unif.15.2nd,21.23405291
TMN5,I.Unif.15.2nd,31.8198754
TMN5,I.Unif.15.2nd,32.27371444
TMN5,I.Unif.15.2nd,32.42628974
PP2A1,I.Unif.15.2nd,27.76485867
PP2A1,I.Unif.15.2nd,27.75916977
PP2A1,I.Unif.15.2nd,27.67675207
TBL6,I.Unif.15.2nd,33.00511674
TBL6,I.Unif.15.2nd,33.06474281
TBL6,I.Unif.15.2nd,33.71648505
UBQ7,I.Unif.15.2nd,23.53834978
UBQ7,I.Unif.15.2nd,23.0628188
UBQ7,I.Unif.15.2nd,23.08866118
UBQ14,I.Unif.15.2nd,27.87485222
UBQ14,I.Unif.15.2nd,28.1864298
UBQ14,I.Unif.15.2nd,28.41527692
HYD1,I.Unif.15.2nd,29.88321274
HYD1,I.Unif.15.2nd,29.80180303
HYD1,I.Unif.15.2nd,30.04994994
ACT7,I.Unif.15.4th,19.83708969
ACT7,I.Unif.15.4th,19.43457025
ACT7,I.Unif.15.4th,19.34436063
TMN5,I.Unif.15.4th,28.01735737
TMN5,I.Unif.15.4th,28.43920397
TMN5,I.Unif.15.4th,28.48014081
PP2A1,I.Unif.15.4th,25.2048868
PP2A1,I.Unif.15.4th,24.92377511
PP2A1,I.Unif.15.4th,24.94453655
TBL6,I.Unif.15.4th,27.76044473
TBL6,I.Unif.15.4th,28.03445821
TBL6,I.Unif.15.4th,27.70821741
UBQ7,I.Unif.15.4th,20.3046083
UBQ7,I.Unif.15.4th,21.73872985
UBQ7,I.Unif.15.4th,38.45857936
UBQ14,I.Unif.15.4th,25.01022824
UBQ14,I.Unif.15.4th,25.09487975
UBQ14,I.Unif.15.4th,25.03643018
HYD1,I.Unif.15.4th,25.87952125
HYD1,I.Unif.15.4th,25.73917188
HYD1,I.Unif.15.4th,25.55868958
ACT7,I.Unif.16.2ndd,23.24004197
ACT7,I.Unif.16.2ndd,23.26508542
ACT7,I.Unif.16.2ndd,23.17856613
TMN5,I.Unif.16.2ndd,31.9401571
TMN5,I.Unif.16.2ndd,32.39093645
TMN5,I.Unif.16.2ndd,33.78469595
PP2A1,I.Unif.16.2ndd,29.14590758
PP2A1,I.Unif.16.2ndd,28.999093
PP2A1,I.Unif.16.2ndd,29.46502153
TBL6,I.Unif.16.2ndd,NaN
TBL6,I.Unif.16.2ndd,NaN
TBL6,I.Unif.16.2ndd,NaN
UBQ7,I.Unif.16.2ndd,24.01552764
UBQ7,I.Unif.16.2ndd,24.06940902
UBQ7,I.Unif.16.2ndd,24.12372397
UBQ14,I.Unif.16.2ndd,28.37072754
UBQ14,I.Unif.16.2ndd,28.41282727
UBQ14,I.Unif.16.2ndd,28.29552227
HYD1,I.Unif.16.2ndd,29.70882469
HYD1,I.Unif.16.2ndd,29.88922403
HYD1,I.Unif.16.2ndd,29.6790587
ACT7,I.Unif.16.4th,26.70717623
ACT7,I.Unif.16.4th,26.52436461
ACT7,I.Unif.16.4th,27.1447923
TMN5,I.Unif.16.4th,36.65084028
TMN5,I.Unif.16.4th,35.75237737
TMN5,I.Unif.16.4th,37.56598829
PP2A1,I.Unif.16.4th,32.22066193
PP2A1,I.Unif.16.4th,31.9798977
PP2A1,I.Unif.16.4th,32.11559817
TBL6,I.Unif.16.4th,NaN
TBL6,I.Unif.16.4th,35.34103367
TBL6,I.Unif.16.4th,36.75402869
UBQ7,I.Unif.16.4th,34.59112629
UBQ7,I.Unif.16.4th,34.17685363
UBQ14,I.Unif.16.4th,28.99592641
UBQ14,I.Unif.16.4th,29.24424736
UBQ14,I.Unif.16.4th,29.16976564
HYD1,I.Unif.16.4th,32.60887191
HYD1,I.Unif.16.4th,32.31685848
HYD1,I.Unif.16.4th,32.4744659
ACT7,I.Unif.17.2nd,21.75114671
ACT7,I.Unif.17.2nd,21.21686894
ACT7,I.Unif.17.2nd,21.1907983
TMN5,I.Unif.17.2nd,30.23017526
TMN5,I.Unif.17.2nd,30.89234289
TMN5,I.Unif.17.2nd,30.7435163
PP2A1,I.Unif.17.2nd,27.21081673
PP2A1,I.Unif.17.2nd,27.28316101
PP2A1,I.Unif.17.2nd,27.28378265
TBL6,I.Unif.17.2nd,31.01716077
TBL6,I.Unif.17.2nd,31.06168168
TBL6,I.Unif.17.2nd,30.5655182
UBQ7,I.Unif.17.2nd,23.5773643
UBQ7,I.Unif.17.2nd,23.44077756
UBQ7,I.Unif.17.2nd,23.12309791
UBQ14,I.Unif.17.2nd,27.49397679
UBQ14,I.Unif.17.2nd,27.31728943
UBQ14,I.Unif.17.2nd,27.5687407
HYD1,I.Unif.17.2nd,27.73051155
HYD1,I.Unif.17.2nd,27.37417896
HYD1,I.Unif.17.2nd,27.52127534
UBQ7,I.Unif.17.2nd,22.03262181
UBQ7,I.Unif.17.2nd,21.9074963
UBQ7,I.Unif.17.2nd,21.92676201
UBQ14,I.Unif.17.2nd,26.66191312
UBQ14,I.Unif.17.2nd,26.49159773
UBQ14,I.Unif.17.2nd,26.74893896
HYD1,I.Unif.17.2nd,26.97268678
HYD1,I.Unif.17.2nd,26.65041978
HYD1,I.Unif.17.2nd,26.23827365
ACT7,I.Unif.17.4th,21.01498037
ACT7,I.Unif.17.4th,20.57952306
ACT7,I.Unif.17.4th,20.49800348
TMN5,I.Unif.17.4th,29.05802152
TMN5,I.Unif.17.4th,28.92351708
TMN5,I.Unif.17.4th,29.15053996
PP2A1,I.Unif.17.4th,26.66030358
PP2A1,I.Unif.17.4th,26.16122902
PP2A1,I.Unif.17.4th,26.12946086
TBL6,I.Unif.17.4th,NaN
TBL6,I.Unif.17.4th,NaN
TBL6,I.Unif.17.4th,NaN
ACT7,I.Unif.18.2nd,20.40066452
ACT7,I.Unif.18.2nd,20.50594889
ACT7,I.Unif.18.2nd,20.65706893
TMN5,I.Unif.18.2nd,29.48881799
TMN5,I.Unif.18.2nd,29.28817559
TMN5,I.Unif.18.2nd,29.92312529
PP2A1,I.Unif.18.2nd,26.68973027
PP2A1,I.Unif.18.2nd,26.93345424
PP2A1,I.Unif.18.2nd,26.34297155
TBL6,I.Unif.18.2nd,28.68622367
TBL6,I.Unif.18.2nd,28.69812322
TBL6,I.Unif.18.2nd,28.95380079
UBQ7,I.Unif.18.2nd,26.06002459
UBQ7,I.Unif.18.2nd,25.86323147
UBQ7,I.Unif.18.2nd,25.94418715
UBQ14,I.Unif.18.2nd,21.60705825
UBQ14,I.Unif.18.2nd,21.74664245
UBQ14,I.Unif.18.2nd,21.6986146
HYD1,I.Unif.18.2nd,26.57747069
HYD1,I.Unif.18.2nd,26.75788296
HYD1,I.Unif.18.2nd,26.37403365
ACT7,I.Unif.18.4th,22.60530579
ACT7,I.Unif.18.4th,22.52359025
ACT7,I.Unif.18.4th,22.54445698
TMN5,I.Unif.18.4th,31.28176453
TMN5,I.Unif.18.4th,31.65544175
TMN5,I.Unif.18.4th,32.29198444
PP2A1,I.Unif.18.4th,28.20834384
PP2A1,I.Unif.18.4th,28.19244436
PP2A1,I.Unif.18.4th,28.01646089
TBL6,I.Unif.18.4th,30.38103278
TBL6,I.Unif.18.4th,30.44963794
TBL6,I.Unif.18.4th,31.08239989
UBQ7,I.Unif.18.4th,21.8500248
UBQ7,I.Unif.18.4th,21.9830275
UBQ7,I.Unif.18.4th,21.54301588
UBQ14,I.Unif.18.4th,27.39688837
UBQ14,I.Unif.18.4th,27.56329378
UBQ14,I.Unif.18.4th,27.73248816
HYD1,I.Unif.18.4th,29.41070116
HYD1,I.Unif.18.4th,29.0134919
HYD1,I.Unif.18.4th,29.13694927
ACT7,I.Unif.19.2nd,21.02675598
ACT7,I.Unif.19.2nd,20.80513363
ACT7,I.Unif.19.2nd,20.58269443
TMN5,I.Unif.19.2nd,30.0804163
TMN5,I.Unif.19.2nd,30.7474004
TMN5,I.Unif.19.2nd,31.00386821
PP2A1,I.Unif.19.2nd,27.11468948
PP2A1,I.Unif.19.2nd,26.67647709
PP2A1,I.Unif.19.2nd,27.1082377
TBL6,I.Unif.19.2nd,NaN
TBL6,I.Unif.19.2nd,NaN
TBL6,I.Unif.19.2nd,NaN
UBQ7,I.Unif.19.2nd,21.20863356
UBQ7,I.Unif.19.2nd,20.9703582
UBQ7,I.Unif.19.2nd,20.85562081
UBQ14,I.Unif.19.2nd,26.67370742
UBQ14,I.Unif.19.2nd,27.09612733
UBQ14,I.Unif.19.2nd,26.84149685
HYD1,I.Unif.19.2nd,28.64874087
HYD1,I.Unif.19.2nd,28.74075112
HYD1,I.Unif.19.2nd,28.68352405
ACT7,I.Unif.2.2nd,21.95588152
ACT7,I.Unif.2.2nd,22.10511152
ACT7,I.Unif.2.2nd,21.27415242
TMN5,I.Unif.2.2nd,31.78190087
TMN5,I.Unif.2.2nd,30.84054631
TMN5,I.Unif.2.2nd,30.34216792
PP2A1,I.Unif.2.2nd,27.18399115
PP2A1,I.Unif.2.2nd,26.92274831
PP2A1,I.Unif.2.2nd,27.10179281
TBL6,I.Unif.2.2nd,29.52431665
TBL6,I.Unif.2.2nd,29.49618812
TBL6,I.Unif.2.2nd,30.03389227
UBQ7,I.Unif.2.2nd,20.88353481
UBQ7,I.Unif.2.2nd,21.98073897
UBQ7,I.Unif.2.2nd,22.71366872
UBQ14,I.Unif.2.2nd,26.53448774
UBQ14,I.Unif.2.2nd,27.70330591
UBQ14,I.Unif.2.2nd,27.3191656
HYD1,I.Unif.2.2nd,28.83552129
HYD1,I.Unif.2.2nd,28.5650318
HYD1,I.Unif.2.2nd,28.57413447
ACT7,I.Unif.2.4th,21.0449202
ACT7,I.Unif.2.4th,20.92706033
ACT7,I.Unif.2.4th,21.41248565
TMN5,I.Unif.2.4th,29.76779511
TMN5,I.Unif.2.4th,29.59286396
TMN5,I.Unif.2.4th,29.73258474
PP2A1,I.Unif.2.4th,27.02528163
PP2A1,I.Unif.2.4th,27.0422708
PP2A1,I.Unif.2.4th,26.68132583
TBL6,I.Unif.2.4th,30.12179265
TBL6,I.Unif.2.4th,29.86820773
TBL6,I.Unif.2.4th,30.61293764
UBQ7,I.Unif.2.4th,21.18391105
UBQ7,I.Unif.2.4th,21.41760566
UBQ7,I.Unif.2.4th,21.41172279
UBQ14,I.Unif.2.4th,26.88560679
UBQ14,I.Unif.2.4th,27.17431952
UBQ14,I.Unif.2.4th,27.12672932
HYD1,I.Unif.2.4th,27.36131296
HYD1,I.Unif.2.4th,27.20227456
HYD1,I.Unif.2.4th,27.09369317
ACT7,I.Unif.20.2nd,21.41208445
ACT7,I.Unif.20.2nd,21.48328437
ACT7,I.Unif.20.2nd,21.51490181
TMN5,I.Unif.20.2nd,29.43371037
TMN5,I.Unif.20.2nd,30.0909379
TMN5,I.Unif.20.2nd,30.07556438
PP2A1,I.Unif.20.2nd,26.46867233
PP2A1,I.Unif.20.2nd,27.07777862
PP2A1,I.Unif.20.2nd,26.90978146
TBL6,I.Unif.20.2nd,NaN
TBL6,I.Unif.20.2nd,NaN
TBL6,I.Unif.20.2nd,NaN
UBQ7,I.Unif.20.2nd,21.25082319
UBQ7,I.Unif.20.2nd,21.35526481
UBQ7,I.Unif.20.2nd,21.56044725
UBQ14,I.Unif.20.2nd,27.03473957
UBQ14,I.Unif.20.2nd,27.10425571
UBQ14,I.Unif.20.2nd,26.97239746
HYD1,I.Unif.20.2nd,27.33159363
HYD1,I.Unif.20.2nd,27.37513722
HYD1,I.Unif.20.2nd,27.54861594
ACT7,I.Unif.20.4th,30.71706627
ACT7,I.Unif.20.4th,31.13943608
ACT7,I.Unif.20.4th,31.60134777
TMN5,I.Unif.20.4th,35.18205324
TMN5,I.Unif.20.4th,34.62925413
TMN5,I.Unif.20.4th,34.77003613
PP2A1,I.Unif.20.4th,33.41994052
PP2A1,I.Unif.20.4th,35.27186764
PP2A1,I.Unif.20.4th,34.89748917
TBL6,I.Unif.20.4th,NaN
TBL6,I.Unif.20.4th,NaN
TBL6,I.Unif.20.4th,NaN
UBQ7,I.Unif.20.4th,29.8219619
UBQ7,I.Unif.20.4th,30.36946036
UBQ7,I.Unif.20.4th,30.6191826
UBQ14,I.Unif.20.4th,NaN
UBQ14,I.Unif.20.4th,37.24512643
UBQ14,I.Unif.20.4th,35.2874384
HYD1,I.Unif.20.4th,32.03543539
HYD1,I.Unif.20.4th,32.6593819
HYD1,I.Unif.20.4th,32.11823695
ACT7,I.Unif.21.4th,23.58986091
ACT7,I.Unif.21.4th,23.33108225
ACT7,I.Unif.21.4th,23.22345504
TMN5,I.Unif.21.4th,32.69448213
TMN5,I.Unif.21.4th,32.67797391
TMN5,I.Unif.21.4th,32.60981522
PP2A1,I.Unif.21.4th,31.45624133
PP2A1,I.Unif.21.4th,30.83378626
PP2A1,I.Unif.21.4th,30.42614807
TBL6,I.Unif.21.4th,34.39588043
TBL6,I.Unif.21.4th,34.68929146
TBL6,I.Unif.21.4th,33.66870702
UBQ7,I.Unif.21.4th,30.81351109
UBQ7,I.Unif.21.4th,31.03283699
UBQ7,I.Unif.21.4th,31.26169137
UBQ14,I.Unif.21.4th,25.66553533
UBQ14,I.Unif.21.4th,25.90571779
UBQ14,I.Unif.21.4th,25.85008626
HYD1,I.Unif.21.4th,30.83890644
HYD1,I.Unif.21.4th,30.60486294
HYD1,I.Unif.21.4th,30.63576069
ACT7,I.Unif.23.2nd,22.99892871
ACT7,I.Unif.23.2nd,22.48915136
ACT7,I.Unif.23.2nd,22.38571631
TMN5,I.Unif.23.2nd,31.47777753
TMN5,I.Unif.23.2nd,32.1379409
TMN5,I.Unif.23.2nd,32.1794522
PP2A1,I.Unif.23.2nd,28.50150047
PP2A1,I.Unif.23.2nd,28.58952098
PP2A1,I.Unif.23.2nd,28.27994415
TBL6,I.Unif.23.2nd,31.86751892
TBL6,I.Unif.23.2nd,31.08983281
TBL6,I.Unif.23.2nd,NaN
UBQ7,I.Unif.23.2nd,28.35552266
UBQ7,I.Unif.23.2nd,28.0893807
UBQ7,I.Unif.23.2nd,28.09673563
UBQ14,I.Unif.23.2nd,22.83138424
UBQ14,I.Unif.23.2nd,22.52752912
UBQ14,I.Unif.23.2nd,22.45436635
HYD1,I.Unif.23.2nd,28.83562321
HYD1,I.Unif.23.2nd,28.57995506
HYD1,I.Unif.23.2nd,28.89958448
ACT7,I.Unif.24.2nd,23.98265693
ACT7,I.Unif.24.2nd,23.75168782
ACT7,I.Unif.24.2nd,23.62977735
TMN5,I.Unif.24.2nd,33.12741594
TMN5,I.Unif.24.2nd,33.28129032
TMN5,I.Unif.24.2nd,33.37625286
PP2A1,I.Unif.24.2nd,30.34706745
PP2A1,I.Unif.24.2nd,30.16705191
PP2A1,I.Unif.24.2nd,30.36954942
TBL6,I.Unif.24.2nd,NaN
TBL6,I.Unif.24.2nd,NaN
TBL6,I.Unif.24.2nd,NaN
UBQ7,I.Unif.24.2nd,24.56676799
UBQ7,I.Unif.24.2nd,24.75728172
UBQ7,I.Unif.24.2nd,24.86304389
UBQ14,I.Unif.24.2nd,29.18650608
UBQ14,I.Unif.24.2nd,29.15004445
UBQ14,I.Unif.24.2nd,29.19251189
HYD1,I.Unif.24.2nd,30.17801304
HYD1,I.Unif.24.2nd,29.90299966
HYD1,I.Unif.24.2nd,30.44171026
ACT7,I.Unif.24.4th,21.24225567
ACT7,I.Unif.24.4th,21.38627965
ACT7,I.Unif.24.4th,21.21788679
TMN5,I.Unif.24.4th,29.78144904
TMN5,I.Unif.24.4th,30.22511017
TMN5,I.Unif.24.4th,30.48531835
PP2A1,I.Unif.24.4th,27.31429297
PP2A1,I.Unif.24.4th,27.6402598
PP2A1,I.Unif.24.4th,27.79818122
TBL6,I.Unif.24.4th,29.57678636
TBL6,I.Unif.24.4th,29.67008005
TBL6,I.Unif.24.4th,30.03466347
UBQ7,I.Unif.24.4th,27.05869818
UBQ7,I.Unif.24.4th,26.59333996
UBQ7,I.Unif.24.4th,26.636127
UBQ14,I.Unif.24.4th,22.92813796
UBQ14,I.Unif.24.4th,22.91346513
UBQ14,I.Unif.24.4th,22.89230217
HYD1,I.Unif.24.4th,26.3558729
HYD1,I.Unif.24.4th,26.38464054
HYD1,I.Unif.24.4th,26.52831931
ACT7,I.Unif.3.2nd,21.09777918
ACT7,I.Unif.3.2nd,20.36916754
ACT7,I.Unif.3.2nd,20.20233239
TMN5,I.Unif.3.2nd,30.20787875
TMN5,I.Unif.3.2nd,30.40798771
TMN5,I.Unif.3.2nd,30.66347949
PP2A1,I.Unif.3.2nd,27.07830622
PP2A1,I.Unif.3.2nd,27.36121805
PP2A1,I.Unif.3.2nd,27.4901179
TBL6,I.Unif.3.2nd,30.54042178
TBL6,I.Unif.3.2nd,30.66027767
TBL6,I.Unif.3.2nd,30.27226564
UBQ7,I.Unif.3.2nd,22.20941857
UBQ7,I.Unif.3.2nd,21.74608194
UBQ7,I.Unif.3.2nd,22.00036502
UBQ14,I.Unif.3.2nd,26.33523303
UBQ14,I.Unif.3.2nd,26.23533258
UBQ14,I.Unif.3.2nd,26.23890968
HYD1,I.Unif.3.2nd,27.73958106
HYD1,I.Unif.3.2nd,28.03763475
HYD1,I.Unif.3.2nd,28.3454773
ACT7,I.Unif.3.4th,19.68890459
ACT7,I.Unif.3.4th,19.57313238
ACT7,I.Unif.3.4th,19.98668605
TMN5,I.Unif.3.4th,29.09590452
TMN5,I.Unif.3.4th,28.52088812
TMN5,I.Unif.3.4th,28.69370343
PP2A1,I.Unif.3.4th,25.39213224
PP2A1,I.Unif.3.4th,25.9959718
PP2A1,I.Unif.3.4th,25.87954693
TBL6,I.Unif.3.4th,30.33404056
TBL6,I.Unif.3.4th,30.08018056
TBL6,I.Unif.3.4th,29.79196729
UBQ7,I.Unif.3.4th,20.83767163
UBQ7,I.Unif.3.4th,21.87558334
UBQ7,I.Unif.3.4th,NaN
UBQ14,I.Unif.3.4th,25.3978139
UBQ14,I.Unif.3.4th,25.42663339
UBQ14,I.Unif.3.4th,25.32835545
HYD1,I.Unif.3.4th,26.44217881
HYD1,I.Unif.3.4th,26.44273528
HYD1,I.Unif.3.4th,26.48223034
ACT7,I.Unif.5.2nd,23.33148558
ACT7,I.Unif.5.2nd,22.59052031
ACT7,I.Unif.5.2nd,22.50479232
TMN5,I.Unif.5.2nd,30.63707022
TMN5,I.Unif.5.2nd,31.68046302
TMN5,I.Unif.5.2nd,31.05789137
PP2A1,I.Unif.5.2nd,28.1441817
PP2A1,I.Unif.5.2nd,28.55921531
PP2A1,I.Unif.5.2nd,28.18677516
TBL6,I.Unif.5.2nd,31.97280374
TBL6,I.Unif.5.2nd,32.60588389
TBL6,I.Unif.5.2nd,31.63041431
UBQ7,I.Unif.5.2nd,24.40168368
UBQ7,I.Unif.5.2nd,23.90619248
UBQ7,I.Unif.5.2nd,24.39153246
UBQ14,I.Unif.5.2nd,27.98336332
UBQ14,I.Unif.5.2nd,28.29241972
UBQ14,I.Unif.5.2nd,28.19342227
HYD1,I.Unif.5.2nd,28.54433268
HYD1,I.Unif.5.2nd,28.58332707
HYD1,I.Unif.5.2nd,28.48069456
ACT7,I.Unif.6.2nd,20.53464949
ACT7,I.Unif.6.2nd,21.59936182
ACT7,I.Unif.6.2nd,20.64135447
TMN5,I.Unif.6.2nd,29.72630908
TMN5,I.Unif.6.2nd,30.0578333
TMN5,I.Unif.6.2nd,30.45674
PP2A1,I.Unif.6.2nd,26.45753564
PP2A1,I.Unif.6.2nd,26.63266317
PP2A1,I.Unif.6.2nd,26.98848713
TBL6,I.Unif.6.2nd,29.61568316
TBL6,I.Unif.6.2nd,28.91643322
TBL6,I.Unif.6.2nd,28.66914522
UBQ7,I.Unif.6.2nd,26.61301097
UBQ7,I.Unif.6.2nd,26.30359075
UBQ7,I.Unif.6.2nd,26.30617233
UBQ14,I.Unif.6.2nd,21.79044744
UBQ14,I.Unif.6.2nd,22.00432106
UBQ14,I.Unif.6.2nd,21.86103782
HYD1,I.Unif.6.2nd,26.75563351
HYD1,I.Unif.6.2nd,26.49180873
HYD1,I.Unif.6.2nd,26.59767286
ACT7,I.Unif.7.2nd,21.04080202
ACT7,I.Unif.7.2nd,20.54433516
ACT7,I.Unif.7.2nd,20.49931731
TMN5,I.Unif.7.2nd,30.44625153
TMN5,I.Unif.7.2nd,31.04338894
TMN5,I.Unif.7.2nd,30.84733506
PP2A1,I.Unif.7.2nd,26.78138605
PP2A1,I.Unif.7.2nd,26.36590223
PP2A1,I.Unif.7.2nd,26.34371515
TBL6,I.Unif.7.2nd,NaN
TBL6,I.Unif.7.2nd,NaN
TBL6,I.Unif.7.2nd,NaN
UBQ7,I.Unif.7.2nd,22.20216769
UBQ7,I.Unif.7.2nd,22.34587847
UBQ7,I.Unif.7.2nd,22.33093421
UBQ14,I.Unif.7.2nd,26.97112858
UBQ14,I.Unif.7.2nd,26.92686032
UBQ14,I.Unif.7.2nd,26.91558347
HYD1,I.Unif.7.2nd,27.79019805
HYD1,I.Unif.7.2nd,27.68576511
HYD1,I.Unif.7.2nd,27.60717221
ACT7,I.Unif.7.4th,21.05567779
ACT7,I.Unif.7.4th,20.78324853
ACT7,I.Unif.7.4th,20.83403868
TMN5,I.Unif.7.4th,30.37975528
TMN5,I.Unif.7.4th,30.90148463
TMN5,I.Unif.7.4th,30.36640124
PP2A1,I.Unif.7.4th,26.88677539
PP2A1,I.Unif.7.4th,26.59874513
PP2A1,I.Unif.7.4th,26.61335888
TBL6,I.Unif.7.4th,NaN
TBL6,I.Unif.7.4th,NaN
TBL6,I.Unif.7.4th,NaN
UBQ7,I.Unif.7.4th,21.57543861
UBQ7,I.Unif.7.4th,21.54742576
UBQ7,I.Unif.7.4th,21.36759386
UBQ14,I.Unif.7.4th,27.1917153
UBQ14,I.Unif.7.4th,27.55133478
UBQ14,I.Unif.7.4th,27.86317174
HYD1,I.Unif.7.4th,28.29172994
HYD1,I.Unif.7.4th,28.29098155
HYD1,I.Unif.7.4th,27.68379104
ACT7,I.Unif.8.2nd,22.31070273
ACT7,I.Unif.8.2nd,22.19067835
ACT7,I.Unif.8.2nd,22.22343288
TMN5,I.Unif.8.2nd,31.70619888
TMN5,I.Unif.8.2nd,31.65033643
TMN5,I.Unif.8.2nd,32.05533877
PP2A1,I.Unif.8.2nd,28.39927353
PP2A1,I.Unif.8.2nd,28.07932427
PP2A1,I.Unif.8.2nd,27.93530037
TBL6,I.Unif.8.2nd,30.40624977
TBL6,I.Unif.8.2nd,30.51715406
TBL6,I.Unif.8.2nd,30.64016022
UBQ7,I.Unif.8.2nd,23.87798312
UBQ7,I.Unif.8.2nd,23.54978764
UBQ7,I.Unif.8.2nd,23.60387012
UBQ14,I.Unif.8.2nd,27.2801215
UBQ14,I.Unif.8.2nd,27.23387854
UBQ14,I.Unif.8.2nd,27.24340309
HYD1,I.Unif.8.2nd,28.70018038
HYD1,I.Unif.8.2nd,28.71240722
HYD1,I.Unif.8.2nd,28.78199793
ACT7,I.Unif.8.4th,20.18241681
ACT7,I.Unif.8.4th,21.00241467
ACT7,I.Unif.8.4th,20.59638106
TMN5,I.Unif.8.4th,29.12216035
TMN5,I.Unif.8.4th,30.12327552
TMN5,I.Unif.8.4th,29.00172831
PP2A1,I.Unif.8.4th,26.45218022
PP2A1,I.Unif.8.4th,26.32022919
PP2A1,I.Unif.8.4th,26.32496919
TBL6,I.Unif.8.4th,29.60259041
TBL6,I.Unif.8.4th,29.65250234
TBL6,I.Unif.8.4th,30.25699023
UBQ7,I.Unif.8.4th,20.91483668
UBQ7,I.Unif.8.4th,20.46490042
UBQ7,I.Unif.8.4th,20.59972395
UBQ14,I.Unif.8.4th,26.11882475
UBQ14,I.Unif.8.4th,26.5772187
UBQ14,I.Unif.8.4th,26.03868714
HYD1,I.Unif.8.4th,26.64373859
HYD1,I.Unif.8.4th,26.45175466
HYD1,I.Unif.8.4th,26.49765151
ACT7,I.Unif.9.2nd,21.01504071
ACT7,I.Unif.9.2nd,20.44301776
ACT7,I.Unif.9.2nd,20.56265651
TMN5,I.Unif.9.2nd,29.89894747
TMN5,I.Unif.9.2nd,30.61391371
TMN5,I.Unif.9.2nd,30.14643059
PP2A1,I.Unif.9.2nd,26.93609976
PP2A1,I.Unif.9.2nd,26.50545457
PP2A1,I.Unif.9.2nd,26.4531418
TBL6,I.Unif.9.2nd,NaN
TBL6,I.Unif.9.2nd,NaN
TBL6,I.Unif.9.2nd,NaN
UBQ7,I.Unif.9.2nd,21.8059864
UBQ7,I.Unif.9.2nd,22.11037228
UBQ7,I.Unif.9.2nd,21.89036415
UBQ14,I.Unif.9.2nd,26.1470432
UBQ14,I.Unif.9.2nd,26.14738219
UBQ14,I.Unif.9.2nd,26.75787594
HYD1,I.Unif.9.2nd,27.31414471
HYD1,I.Unif.9.2nd,27.08662636
HYD1,I.Unif.9.2nd,27.1945645
ACT7,I.Unif.9.4th,21.34496202
ACT7,I.Unif.9.4th,21.37873901
ACT7,I.Unif.9.4th,21.32209661
TMN5,I.Unif.9.4th,29.6388591
TMN5,I.Unif.9.4th,30.17431984
TMN5,I.Unif.9.4th,29.97492488
PP2A1,I.Unif.9.4th,27.91080529
PP2A1,I.Unif.9.4th,28.47217667
PP2A1,I.Unif.9.4th,27.46969234
TBL6,I.Unif.9.4th,31.39259983
TBL6,I.Unif.9.4th,31.78259329
TBL6,I.Unif.9.4th,31.6296648
UBQ7,I.Unif.9.4th,27.23547276
UBQ7,I.Unif.9.4th,27.40257166
UBQ7,I.Unif.9.4th,27.33495789
UBQ14,I.Unif.9.4th,21.96931278
UBQ14,I.Unif.9.4th,22.45324483
UBQ14,I.Unif.9.4th,22.33942079
HYD1,I.Unif.9.4th,26.76291953
HYD1,I.Unif.9.4th,27.01199133
HYD1,I.Unif.9.4th,26.44788877
ACT7,Unif.21.2nd,21.06116014
ACT7,Unif.21.2nd,20.81296666
ACT7,Unif.21.2nd,20.94787569
TMN5,Unif.21.2nd,28.98535016
TMN5,Unif.21.2nd,28.94040238
TMN5,Unif.21.2nd,29.69342953
PP2A1,Unif.21.2nd,27.11428166
PP2A1,Unif.21.2nd,26.95302505
PP2A1,Unif.21.2nd,26.5655507
TBL6,Unif.21.2nd,NaN
TBL6,Unif.21.2nd,NaN
TBL6,Unif.21.2nd,NaN
UBQ7,Unif.21.2nd,21.43518245
UBQ7,Unif.21.2nd,21.4785717
UBQ7,Unif.21.2nd,21.55829938
UBQ14,Unif.21.2nd,26.26138462
UBQ14,Unif.21.2nd,26.22058262
UBQ14,Unif.21.2nd,26.44536529
HYD1,Unif.21.2nd,27.20697969
HYD1,Unif.21.2nd,27.28685109
HYD1,Unif.21.2nd,27.38657421